Year,Mo,Dy,Tsunami Event Validity,Maximum Water Height (m),Total Deaths,Total Damage ($Mil),Total Houses Destroyed,Total Houses Damaged,Country
1800,6,2,2,,,,,,PORTUGAL
1802,1,4,2,,,,,,CROATIA
1802,3,19,2,,,,,,ANTIGUA AND BARBUDA
1802,8,10,1,,,,,,UK
1802,8,15,3,,,,,,VENEZUELA
1802,8,,2,,,,,,INDONESIA
1802,11,7,3,,,,1100,,ALGERIA
1802,12,9,4,,19,,1060,,JAPAN
1804,1,8,1,,,,,,GREECE
1804,1,13,4,,,,,,SPAIN
1804,6,8,3,,,,,,GREECE
1804,7,10,4,1,450,,10810,300,JAPAN
1804,7,31,2,,,,,,ITALY
1805,1,8,1,,,,,,GREECE
1805,5,8,3,5,,,1,,AUSTRALIA
1805,7,26,4,,,,,,ITALY
1806,3,25,2,,,,,,USA
1806,8,26,2,,,,,,ITALY
1806,12,1,3,1,,,,,PERU
1806,,,2,1.5,,,,,FRENCH POLYNESIA
1808,4,2,2,0.15,2,,,,ITALY
1808,8,8,4,1.5,,,,,JAPAN
1808,12,4,1,,,,,,JAPAN
1809,7,3,2,,,,,,ITALY
1809,7,4,1,,,,,,PORTUGAL
1809,12,4,1,,,,,,SOUTH AFRICA
1809,,,1,,,,,,USA TERRITORY
1810,2,16,0,,,,,,GREECE
1810,8,27,4,,,,,,MEXICO
1810,9,25,4,1,57,,1084,,JAPAN
1810,,,2,,,,,,NEW ZEALAND
1810,,,4,,,,,,NORWAY
1811,11,19,2,4,,,,,CHILE
1811,12,16,0,,,,,,USA
1811,12,16,0,,,,,,USA
1812,1,23,0,,,,,,USA
1812,2,7,0,,,,,,USA
1812,3,26,2,,26000,,,,VENEZUELA
1812,6,23,2,,,,,,FRANCE
1812,11,11,2,,,,,,JAMAICA
1812,12,21,4,3.4,1,,,,USA
1812,,,1,,,,,,USA
1813,5,17,1,,,,,,ITALY
1813,,,-1,,,,,,USA
1814,,,2,,,,,,INDONESIA
1815,4,10,4,4,60000,,,,INDONESIA
1815,4,11,1,,,,,,INDONESIA
1815,11,22,3,,11453,,,,INDONESIA
1816,2,2,-1,,,,,,PORTUGAL
1816,5,1,2,,,,,,INDONESIA
1816,12,20,-1,,,,,,JAPAN
1817,1,1,1,,,,,,GREECE
1817,1,8,0,0.3,,,,,USA
1817,1,14,1,,,,,,ITALY
1817,8,23,3,5,,,,,GREECE
1818,1,,1,,,,,,GREECE
1818,2,20,4,,72,,,,ITALY
1818,2,23,2,,,,,,ITALY
1818,3,18,3,,,,,,INDONESIA
1818,11,8,2,3.5,,,,,INDONESIA
1818,12,9,2,,,,,,ITALY
1819,1,8,2,,,,,,ITALY
1819,4,12,4,4,,,,,CHILE
1819,6,16,3,,1543,,1547,,INDIA
1819,8,31,3,,,,,,NORWAY
1819,,,2,,,,,,USA TERRITORY
1820,3,1,2,,,,,,USA
1820,3,17,-1,,,,,,GREECE
1820,5,4,4,4,,,,,MEXICO
1820,7,23,2,,,,,,ITALY
1820,12,29,2,,8,,79,,GREECE
1820,12,29,4,25,500,,,,INDONESIA
1820,,,3,,,,,,USA
1820,,,2,,,,,,CONGO
1821,1,6,4,,,,,,GREECE
1821,4,10,1,,,,,,COSTA RICA
1821,5,,2,,3,,,,UK TERRITORY
1821,9,3,1,,,,,,USA
1821,,,-1,,,,,,INDONESIA
1822,3,20,1,,,,,,LEBANON
1822,4,10,1,,,,,,ITALY
1822,5,7,3,,,,,,COSTA RICA
1822,8,13,2,,8000,,,,TURKEY
1822,11,20,4,3.6,72,,,,CHILE
1823,3,5,2,,,,,,ITALY
1823,5,30,0,2.74,,,,,USA
1823,8,20,2,,,,,,CROATIA
1823,9,9,2,0.3,,,,,INDONESIA
1823,10,,-1,,,,,,CROATIA
1823,11,30,4,,,,,,MARTINIQUE (FRENCH TERRITORY)
1824,9,13,-1,,,,,,GUADELOUPE (FRENCH TERRITORY)
1824,10,26,1,,,,,,PHILIPPINES
1824,11,30,2,,,,,,MARTINIQUE (FRENCH TERRITORY)
1825,1,3,1,,,,,,DENMARK
1825,1,19,1,,58,,,,GREECE
1825,2,26,1,,,,,,COLOMBIA
1825,3,21,-1,,,,,,USA
1825,4,,2,,,,,,USA TERRITORY
1825,9,21,2,,,,,,TRINIDAD AND TOBAGO
1826,1,,3,,,,,,JAPAN
1826,3,18,2,,,,,,ITALY
1826,10,22,-1,,,,,,USA
1826,,,3,,,,,,NEW ZEALAND
1827,1,18,1,,,,,,USA
1827,8,8,-1,,,,,,USA
1827,8,9,3,,,,,,RUSSIA
1827,11,16,-1,,,,,,ECUADOR
1827,,,-1,,,,,,USA
1828,3,30,-1,,,,,,PERU
1828,5,26,4,,,,,,JAPAN
1828,10,9,2,,,,,,ITALY
1828,11,9,1,,,,,,PHILIPPINES
1828,12,18,-1,,1443,,11750,,JAPAN
1828,12,29,-1,,,,,,INDONESIA
1829,5,23,2,,,,,,TURKEY
1829,9,26,-1,,,,,,CHILE
1830,1,10,1,,,,,,HOLLAND
1830,1,18,0,1,,,,,PHILIPPINES
1830,9,16,0,,,,,,PHILIPPINES
1831,5,26,2,,,,,,ITALY
1831,7,2,2,,,,,,ITALY
1831,12,3,1,,,,,,TRINIDAD AND TOBAGO
1831,,,3,,,,,,NEW ZEALAND
1832,3,8,2,,234,,,,ITALY
1833,1,19,2,,,,,,ALBANIA
1833,3,10,3,,,,,,MEXICO
1833,9,6,0,,6700,,87620,,CHINA
1833,9,18,1,9,700,,1001,,PERU
1833,11,24,4,,,,,,INDONESIA
1833,12,7,4,9,85,,1140,1790,JAPAN
1834,2,9,4,,,,73,,JAPAN
1834,3,14,1,,,,,,MEXICO
1835,2,20,4,24,53,,,,CHILE
1835,7,12,2,,,,,,GREECE
1835,7,20,4,5,,,,,JAPAN
1835,8,19,-1,,,,,,JAPAN
1836,1,21,1,,,,,,AUSTRALIA
1836,3,5,2,,,,,,INDONESIA
1836,4,24,3,,589,,,,ITALY
1836,7,3,2,,,,,,CHILE
1836,9,5,-1,,,,,,JAPAN
1836,11,28,2,,,,,,INDONESIA
1837,1,1,3,,,,,,ISRAEL
1837,8,1,1,,,,,,NETHERLANDS
1837,8,2,-1,,,,,,USA TERRITORY
1837,8,9,2,,,,,,MEXICO
1837,9,29,2,,,,,,INDONESIA
1837,10,18,2,,,,,,MEXICO
1837,10,,2,,,,,,"MICRONESIA, FED. STATES OF"
1837,11,7,4,6,16,,,,CHILE
1838,5,7,2,0.8,,,,,CHILE
1838,8,10,2,,,,,,CROATIA
1839,2,12,1,,,,,,CHILE
1839,3,,1,,,,,,USA
1839,5,1,1,,,,,,JAPAN
1839,,,3,,,,,,NEW ZEALAND
1840,1,4,2,,,,,,INDONESIA
1840,1,16,-1,,,,,,USA
1840,1,28,1,,,,,,PERU
1840,2,14,2,,,,500,,INDONESIA
1840,3,22,1,,52,,,,PHILIPPINES
1840,7,28,0,,,,,,NEW ZEALAND
1840,8,,2,1,,,,,NEW ZEALAND
1840,11,11,0,,,,,,USA
1840,,,-1,,,,,,USA
1841,5,17,4,15,,,,,RUSSIA
1841,11,26,3,3,,,,,INDONESIA
1841,12,16,3,1.5,,,,,INDONESIA
1841,,,1,,,,,,PERU
1842,5,7,4,5,5300,,,,HAITI
1842,11,1,2,,,,,,CANADA
1842,11,11,1,,,,,,BANGLADESH
1843,1,5,4,,,,,,INDONESIA
1843,2,7,1,,,,,,INDONESIA
1843,2,8,4,1.2,5000,,,,GUADELOUPE (FRENCH TERRITORY)
1843,2,17,1,,,,,,GUADELOUPE (FRENCH TERRITORY)
1843,4,25,4,4.5,45,,75,,JAPAN
1843,7,5,1,,,,,,UK
1843,7,8,2,,,,,,NEW ZEALAND
1843,9,14,2,,,,,,CROATIA
1843,10,18,2,,,,,,GREECE
1844,3,3,2,,,,,,CROATIA
1844,3,8,-1,,,,,,JAPAN
1844,3,22,2,,,,,,CROATIA
1844,5,,0,,,,,,NICARAGUA
1845,2,8,3,,118,,,,INDONESIA
1845,4,7,3,,,,,,MEXICO
1845,6,18,1,,,,,,ITALY
1845,6,19,3,,,,,,INDIA
1845,7,5,1,1,,,,,NEW ZEALAND
1845,8,16,1,,,,,,CROATIA
1845,9,,-1,,,,,,JAPAN
1845,,,3,,100,,,,USA
1846,1,25,4,1.2,,,,,INDONESIA
1846,3,,4,2,,,,,JAPAN
1846,5,7,4,,,,,,NEW ZEALAND
1846,7,25,2,,,,,,TURKEY
1846,8,14,3,,56,,,,ITALY
1846,8,26,3,,,,,,ITALY
1846,9,12,3,,,,,,ITALY
1846,9,19,3,,,,,,ITALY
1846,10,4,3,,,,,,ITALY
1846,10,14,3,,,,,,ITALY
1846,10,19,3,,,,,,ITALY
1846,10,24,3,,,,,,ITALY
1846,10,28,3,,,,,,ITALY
1846,11,29,3,,,,,,ITALY
1846,12,3,2,,,,,,ITALY
1846,,,2,,,,,,TURKEY
1847,4,15,3,,,,,,ITALY
1847,4,16,3,,,,,,ITALY
1847,4,17,3,,,,,,ITALY
1847,5,23,2,2,,,,,PERU
1847,7,9,4,7,10,,,,PORTUGAL
1847,8,26,2,,,,,,ITALY
1847,8,27,1,,335,,,,JAPAN
1847,10,19,2,,,,,,CHILE
1847,10,31,3,,,,,,INDIA
1848,6,,1,,,,,,RUSSIA
1848,7,12,2,,,,,,FRENCH POLYNESIA
1848,9,24,3,,,,,,CANADA
1848,10,15,1,0.3,,,,,NEW ZEALAND
1848,10,17,-1,,,,,,NEW ZEALAND
1848,10,18,-1,,3,,,,NEW ZEALAND
1849,1,25,3,6.1,,,,,USA TERRITORY
1849,9,28,4,,,,,,RUSSIA
1849,11,17,4,5,,,,,CHILE
1850,1,21,2,,,,,,ITALY
1850,5,16,2,,,,,,ITALY
1850,7,20,1,2,,,,,JAPAN
1850,10,20,2,,,,,,ITALY
1850,,,1,,,,,,NORTHWEST PACIFIC OCEAN
1851,2,28,2,,,,,,GREECE
1851,2,28,3,0.9,,,,,TURKEY
1851,4,2,-1,,,,,,CHILE
1851,4,3,3,,,,,,TURKEY
1851,5,4,3,1.5,,,,,INDONESIA
1851,5,15,1,,,,,,USA
1851,5,23,2,,,,,,GREECE
1851,5,26,2,3,,,,,CHILE
1851,7,28,1,,,,,,ITALY
1851,10,12,2,0.66,2000,,,,ALBANIA
1851,11,13,1,,,,,,USA
1851,12,16,1,,,,,,ITALY
1852,1,9,3,,,,,,INDONESIA
1852,2,2,2,,,,,,ITALY
1852,5,12,2,,,,,,TURKEY
1852,6,26,2,,,,,,ITALY
1852,7,17,2,,,,,,CUBA
1852,9,8,3,,,,,,TURKEY
1852,9,16,2,,3,,,,PHILIPPINES
1852,11,10,-1,,,,,,INDONESIA
1852,11,10,2,,,,,,ITALY
1852,11,11,1,,,,,,INDONESIA
1852,11,16,-1,,,,,,INDONESIA
1852,11,19,1,,,,,,INDONESIA
1852,11,23,-1,,,,,,INDONESIA
1852,11,25,1,,,,,,USA
1852,11,25,4,8,60,,,,INDONESIA
1852,11,27,1,,,,,,PERU
1852,11,29,3,3,,,,,MEXICO
1852,12,4,2,,1,,,,MEXICO
1852,12,24,1,,,,,,INDONESIA
1852,12,31,2,1.2,,,,,AUSTRALIA
1853,4,8,2,,,,,,ITALY
1853,7,15,4,5,1000,,,,VENEZUELA
1853,8,18,3,,17,,,,GREECE
1853,10,3,2,,,,,,JAPAN
1853,10,29,1,,,,,,TAIWAN
1853,11,,1,,,,,,RUSSIA
1853,12,11,2,1,,,,,MONTENEGRO
1853,12,24,1,,,,,,TONGA
1853,,,4,120,,,,,USA
1854,1,4,2,,,,,,INDONESIA
1854,1,15,1,,,,,,NORTHWEST PACIFIC OCEAN
1854,1,27,3,2.4,,,,,USA
1854,2,29,1,,,,,,FRANCE
1854,5,31,1,,,,,,USA
1854,6,27,-1,,,,,,RUSSIA
1854,7,9,4,,,,,,RUSSIA
1854,7,24,2,0.1,,,,,USA
1854,8,4,2,,,,,,COSTA RICA
1854,8,7,2,,,,,,COSTA RICA
1854,8,18,2,0.03,,,,,USA
1854,9,27,3,,,,,,INDONESIA
1854,10,4,3,0.03,,,,,USA
1854,10,22,2,,,,,,USA
1854,11,1,-1,,,,,,USA
1854,11,10,-1,,,,,,USA
1854,12,1,-1,,,,,,USA
1854,12,4,1,,,,,,MEXICO
1854,12,23,4,21,1000,,8900,,JAPAN
1854,12,24,4,28,3000,,20000,,JAPAN
1854,12,29,2,,,,,,FRANCE
1855,1,23,3,11,,,,,NEW ZEALAND
1855,2,3,4,,,,,,NEW ZEALAND
1855,2,11,2,,,,,,NEW ZEALAND
1855,2,13,2,,,,,,TURKEY
1855,2,17,2,10,,,,,PORTUGAL
1855,3,20,1,,,,,,USA
1855,4,14,3,,,,,,INDONESIA
1855,5,18,2,,,,,,FRANCE
1855,7,11,3,,,,1,26,USA
1855,8,11,1,,,,,,CHILE
1855,9,25,1,,,,,,HONDURAS
1855,10,22,1,,,,,,USA
1855,11,7,4,3,,,,,JAPAN
1855,11,11,4,,6757,,50000,,JAPAN
1855,12,3,1,,,,,,JAPAN
1855,,,0,3,,,,,CHINA
1856,1,6,1,10,,,,,PORTUGAL
1856,2,15,3,0.6,,,,,USA
1856,3,2,4,,2806,,,,INDONESIA
1856,3,,3,1,,,,,NEW ZEALAND
1856,7,25,2,,,,,,INDONESIA
1856,7,26,1,,,,,,USA
1856,8,4,4,5,,,,,HONDURAS
1856,8,21,3,3.75,5,,,,ALGERIA
1856,8,22,3,5,8,,,,ALGERIA
1856,8,23,4,6,26,,193,238,JAPAN
1856,9,,2,,,,,,JAPAN
1856,10,12,2,,538,,8000,,GREECE
1856,11,13,3,,,,,,GREECE
1857,1,6,0,,,,,,SUDAN
1857,4,17,4,,,,,,PAPUA NEW GUINEA
1857,5,13,4,3.4,36,,,,INDONESIA
1857,5,23,2,,,,,,ALGERIA
1857,7,13,4,,,,,,JAPAN
1857,9,17,0,,,,,,TURKEY
1857,11,17,3,,,,,,INDONESIA
1857,11,18,2,,,,,,INDONESIA
1858,1,31,2,,,,,,AUSTRALIA
1858,2,21,1,,,,,,GREECE
1858,4,24,2,,,,,,CHILE
1858,6,5,2,2.4,,,,,UK
1858,8,6,-1,,,,,,NEW ZEALAND
1858,9,15,2,,,,,,NEW ZEALAND
1858,9,,1,,,,,,JAPAN
1858,12,13,2,,,,,,INDONESIA
1859,6,28,4,10,,,,,INDONESIA
1859,7,20,3,,,,,,INDONESIA
1859,7,29,4,1,,,,,INDONESIA
1859,8,21,1,,,,,,TURKEY
1859,8,25,3,,,,,,EL SALVADOR
1859,9,24,2,4.6,,,,,USA
1859,9,25,2,,,,,,INDONESIA
1859,10,5,4,6,10,,339,,CHILE
1859,10,11,-1,,,,200,,CHILE
1859,10,20,2,,2,,,,INDONESIA
1859,10,20,1,,,,,,GREECE
1859,10,26,-1,,,,,,INDONESIA
1859,11,22,2,,,,,,AUSTRALIA
1859,12,9,3,,,,,,EL SALVADOR
1859,12,17,2,,,,,,INDONESIA
1859,12,25,3,,,,,,INDONESIA
1860,1,6,2,,,,,,SPAIN
1860,3,17,1,,,,,,MEXICO
1860,4,8,4,,,,,,HAITI
1860,4,23,3,,,,,,PERU
1860,8,,1,,,,,,INDONESIA
1860,10,6,3,,,,,,INDONESIA
1860,12,1,2,3.6,,,,,USA
1861,2,16,4,7,1105,,,,INDONESIA
1861,2,21,0,,,,,,INDONESIA
1861,3,9,4,,950,,96,,INDONESIA
1861,3,20,-1,,,,,,CHILE
1861,3,,2,1.8,,,,,INDONESIA
1861,4,26,4,,,,,,INDONESIA
1861,5,4,-1,,,,,,USA
1861,5,5,-1,,,,,,USA
1861,6,5,2,,,,,,INDONESIA
1861,6,17,3,,,,,,INDONESIA
1861,9,25,3,,,,,,INDONESIA
1861,10,20,4,3.9,,,70,,JAPAN
1861,12,26,4,2.1,,,,,GREECE
1862,1,1,3,,,,,,GREECE
1862,1,28,2,,,,,,USA
1862,3,4,1,,,,,,PHILIPPINES
1862,3,18,2,,,,,,FRANCE
1862,4,8,-1,2.1,,,,,INDONESIA
1862,5,27,4,1.2,,,,,USA
1862,7,10,2,,3,,,,GHANA
1862,11,24,2,,,,,,ITALY
1863,3,16,1,,,,,,INDONESIA
1863,4,22,2,,300,,2050,,GREECE
1863,6,3,2,,400,,1172,,PHILIPPINES
1863,8,17,2,,,,,,VANUATU
1863,9,20,3,,,,,,JAPAN
1863,,,1,,,,,,CANADA
1864,2,16,-1,,,,,,INDONESIA
1864,5,19,1,,,,,,HAITI
1864,5,23,3,3,250,,,,INDONESIA
1864,6,27,3,,,,,,CANADA
1865,1,8,3,2,5,,,,PERU
1865,3,1,2,,,,,,PERU
1865,3,1,1,,,,,,JAPAN
1865,7,16,1,,,,,,USA
1865,10,4,-1,,,,,,USA
1865,10,8,3,,,0.5,,,USA
1865,10,13,-1,,,,,,PHILIPPINES
1865,10,19,2,,,,223,,PHILIPPINES
1865,11,18,4,1.25,,,20,,TONGA
1865,11,28,1,,,,,,PERU
1866,1,2,3,,60,,,,ALBANIA
1866,1,6,3,,,,,,ALBANIA
1866,1,19,2,,,,,,GREECE
1866,1,31,1,,,,52,,GREECE
1866,2,2,2,,,,,,GREECE
1866,2,6,3,8.6,,,,,GREECE
1866,3,2,2,,60,,12,,ALBANIA
1866,3,6,3,,,,,,ALBANIA
1866,3,13,2,,,,,,ALBANIA
1866,8,9,1,,,,,,AUSTRALIA
1866,8,15,1,,,,,,AUSTRALIA
1866,9,5,2,,,,,,USA
1866,9,12,1,,,,,,USA TERRITORY
1866,10,,1,,,,,,GREECE
1866,12,20,-1,,,,,,USA
1867,2,4,3,,,,,,GREECE
1867,3,7,3,,563,,5915,5500,GREECE
1867,3,15,0,,16,,7,,ITALY
1867,4,10,2,,,,,,GREECE
1867,5,7,4,,,,,,NORWAY
1867,6,10,1,,5,,372,,INDONESIA
1867,8,5,1,,,,,,AUSTRALIA
1867,9,20,4,6,,,,,GREECE
1867,9,,1,,,,,,VENEZUELA
1867,10,4,2,,,,,,GREECE
1867,11,18,4,15.2,24,,,,USA TERRITORY
1867,11,19,1,,,,,,GREECE
1867,12,18,4,15,580,,,,TAIWAN
1868,3,17,3,1.5,,,,,USA TERRITORY
1868,4,3,4,13.7,77,,,,USA
1868,4,4,-1,,,,,,USA
1868,4,10,-1,,,,,,USA
1868,4,20,-1,,,,,,USA
1868,4,23,1,,,,,,UK
1868,5,15,2,6.1,,,,,USA
1868,5,22,3,,,,,,ITALY
1868,5,25,2,,,,,,MEXICO
1868,6,13,-1,,,,,,USA
1868,8,11,-1,,,,,,PERU
1868,8,12,3,,,,,,MEXICO
1868,8,13,4,18,25000,300,,,CHILE
1868,8,13,2,,,,,,VENEZUELA
1868,8,14,4,0.17,,,,,CHILE
1868,8,19,3,4,,,,,INDIA
1868,9,5,2,,,,,,ITALY
1868,9,14,2,1,,,,,CHILE
1868,10,2,2,6.1,,,,,USA
1868,10,2,2,,,,,,PERU
1868,10,16,2,1,,,,,CHILE
1868,10,18,4,3,,,,,NEW ZEALAND
1868,10,21,3,4.5,30,0.35,,,USA
1869,1,4,1,,,,,,NEW ZEALAND
1869,1,27,2,,,,,,CHILE
1869,2,6,2,,,,,,CHILE
1869,2,10,1,,,,,,USA
1869,2,13,1,,,,,,USA
1869,3,2,3,0.6,,,,,NEW ZEALAND
1869,3,31,2,,,,,,NEW ZEALAND
1869,4,22,1,,,,,,PERU
1869,6,1,3,,,,,,USA
1869,6,25,2,,,,,,CHILE
1869,7,24,3,8.2,,,,,USA
1869,8,9,3,3,,,,,CHILE
1869,8,11,1,,,,,,AUSTRALIA
1869,8,16,2,,,,,,PHILIPPINES
1869,8,19,-1,,,,,,PERU
1869,8,21,1,,,,,,CHILE
1869,8,24,3,2,,,,,CHILE
1869,9,9,2,,,,,,GREECE
1869,10,11,1,,,,,,UKRAINE
1869,12,28,2,,,,,,GREECE
1870,4,6,2,0.6,,,,,NEW ZEALAND
1870,4,29,-1,,,,,,NEW ZEALAND
1870,5,11,3,,24,,,,MEXICO
1870,6,9,2,,,,,,GUADELOUPE (FRENCH TERRITORY)
1870,6,24,3,,,,,,EGYPT
1870,7,29,2,,,,,,CROATIA
1870,8,1,1,,100,,,,GREECE
1870,8,6,3,,,,,,CROATIA
1870,8,12,1,,,,,,AUSTRALIA
1870,10,20,2,,2,,16,,CANADA
1870,10,28,3,,,,,,ITALY
1870,11,2,2,,,,,,ITALY
1871,1,17,1,,,,,,ITALY
1871,2,5,2,,,,,,PERU
1871,2,7,2,0.3,,,,,MEXICO
1871,2,18,-1,,,,,,USA
1871,2,20,1,,,,,,USA
1871,3,3,4,25,400,,75,,INDONESIA
1871,3,25,2,1,,,,,CHILE
1871,3,,1,,,,,,NEW ZEALAND
1871,4,30,1,,,,,,PHILIPPINES
1871,6,18,2,,,,,,USA
1871,8,20,2,,,,,,CHILE
1871,8,21,2,,,,,,PERU
1871,8,25,1,,,,,,INDONESIA
1871,8,,1,,,,,,NEW ZEALAND
1871,9,7,1,,,,,,FRANCE
1871,10,5,-1,,,,,,CHILE
1871,10,5,1,,,,,,GREECE
1871,12,28,2,,,,,,CHILE
1872,1,10,1,,,,,,PERU
1872,1,13,-1,,,,,,USA
1872,1,22,-1,,,,,,USA
1872,1,26,3,,,,,,PHILIPPINES
1872,3,14,4,3,804,,5796,,JAPAN
1872,3,26,-1,,,,,,USA
1872,4,3,3,,1800,,,,TURKEY
1872,6,13,1,0.6,,,,,USA
1872,8,23,4,1.3,,,,,USA
1872,8,27,-1,,,,,,USA
1872,9,16,3,0.1,,,,,USA
1872,11,17,2,0.51,,,,,USA
1872,,,4,,,,,,ICELAND
1872,,,3,,,,,,JAPAN
1873,7,7,-1,,,,,,CHILE
1873,10,13,1,,,,,,PANAMA
1873,10,25,-1,,,,,,GREECE
1873,11,19,1,,,,,,CHILE
1873,11,23,3,3.05,,,,,USA
1873,,,3,,,,,,PAPUA NEW GUINEA
1874,3,11,2,,,,,,USA TERRITORY
1874,5,,2,,2000,,,,BANGLADESH
1874,5,,3,24.38,,,,,USA
1874,5,,-1,,,,,,INDONESIA
1874,10,13,1,,,,,,AUSTRALIA
1875,2,23,1,,,,,,MEXICO
1875,3,18,4,,,,,,ITALY
1875,3,28,3,4,25,,,,NEW CALEDONIA
1875,5,10,2,,,,,,VANUATU
1875,10,12,-1,,,,,,USA
1875,,,2,,,,,,PAPUA NEW GUINEA
1876,5,28,3,0.3,,,,,INDONESIA
1876,10,26,2,,,,,,JAPAN
1876,12,23,3,,,,,,ITALY
1876,,,-1,,,,,,INDIA
1877,2,2,-1,,,,,,USA
1877,2,24,2,,,,,,USA
1877,4,16,1,1.8,,,,,USA
1877,5,4,1,,,,,,USA
1877,5,10,4,24,2385,,,,CHILE
1877,5,14,2,,,,,,PERU
1877,5,15,2,,,,,,CHILE
1877,6,15,1,,,,,,CHILE
1877,8,23,3,1,,,,,CHILE
1877,9,2,1,,,,,,CHILE
1877,9,,1,,,,,,VIETNAM
1877,10,9,1,,,,,,CHILE
1877,10,11,2,,,,,,COLOMBIA
1877,12,1,2,,,,,,NEW ZEALAND
1878,1,10,3,12,,,,,VANUATU
1878,1,14,-1,,,,,,USA
1878,1,20,3,3.6,,,3,,USA
1878,1,23,1,,,,,,CHILE
1878,1,27,3,,5,,,,PERU
1878,1,28,1,,,,,,CHILE
1878,2,3,1,,,,,,CHILE
1878,2,4,3,,1,,,,PAPUA NEW GUINEA
1878,2,4,1,,,,,,PERU
1878,2,11,3,,,,,,VANUATU
1878,2,14,2,,,,,,CHILE
1878,3,12,2,,,,,,CHILE
1878,4,12,2,,,,,,CHILE
1878,4,19,1,,40,,,,TURKEY
1878,6,12,2,,,,,,CHILE
1878,6,30,2,,,,,,CHILE
1878,8,29,1,,,,,,USA
1878,8,,1,,,,,,INDONESIA
1878,8,,1,,,,,,VANUATU
1878,9,30,1,,,,,,CHILE
1878,10,11,1,,,,,,RUSSIA
1878,11,22,3,1,1,,,,USA
1878,11,23,2,,,,,,CHILE
1879,2,4,1,,,,,,ITALY
1879,4,27,2,0.9,,,,,NEW ZEALAND
1879,7,11,3,,,,,,EGYPT
1879,7,29,-1,,,,,,CROATIA
1879,8,8,2,,,,,,CHILE
1879,8,10,2,,,,,,USA
1879,,,1,,,,,,USA
1880,4,14,3,,,,,,NORWAY
1880,4,26,1,,,,,,ITALY
1880,7,18,4,,20,,,,PHILIPPINES
1880,8,15,1,,2,,600,,CHILE
1880,9,2,1,,,,,,GREECE
1880,9,8,3,,,,,,NEW ZEALAND
1880,9,23,1,0.08,,,,,AUSTRALIA
1880,9,29,3,,,,,,USA
1880,10,26,3,1.8,,,,,USA
1880,11,,1,,,,,,JAPAN
1881,4,3,3,,7866,,,,GREECE
1881,4,11,1,,,,,,GREECE
1881,6,29,3,3,,,,,NEW ZEALAND
1881,7,12,2,0.46,,,,,FIJI
1881,7,14,3,1.4,,,,,CHILE
1881,8,12,1,0.46,,,,,JAMAICA
1881,10,25,2,,,,,,JAPAN
1881,10,27,2,,,,,,CHILE
1881,11,24,1,,,,,,TONGA
1881,12,15,2,2,,,,,GREECE
1881,12,31,3,1.22,,,,,INDIA
1882,1,,3,,,,,,SRI LANKA
1882,2,23,2,,,,,,CHILE
1882,4,13,2,1.2,,,,,NEW ZEALAND
1882,7,,2,,,,,,VIETNAM
1882,9,7,4,3,,,,,PANAMA
1882,9,14,2,,,,,,CHILE
1882,10,10,3,,,,,,INDONESIA
1882,12,9,0,,8,,40,,TAIWAN
1882,,,-1,,,,,,CHINA
1883,3,12,3,,,,,,MEXICO
1883,3,24,2,,,,,,SAMOA
1883,5,20,1,,,,,,INDONESIA
1883,5,31,1,,,,,,INDONESIA
1883,6,27,2,,,,,,GREECE
1883,8,27,4,41,36417,,,,INDONESIA
1883,10,6,4,9.14,8,,,,USA
1883,10,10,2,,,,,,INDONESIA
1883,11,14,1,,,,,,USA
1884,1,14,2,,,,,,URUGUAY
1884,1,25,-1,,,,,,USA
1884,1,,1,,,,,,FIJI
1884,2,,2,,,,,,INDONESIA
1884,7,20,4,,,,,,ERITREA
1884,8,10,2,1.8,,,,,USA
1884,9,19,0,,,,,,USA
1884,11,5,1,,,,,,PANAMA
1884,11,12,1,0.1,,,,,USA
1884,11,15,-1,,,,,,JAPAN
1884,12,21,1,2.4,,,,,USA
1885,1,16,3,,,,,,FRANCE
1885,1,29,1,,,,,,ALGERIA
1885,4,30,3,1.2,,,3,,INDONESIA
1885,7,29,2,,,,,,INDONESIA
1885,8,3,3,,,,,,INDONESIA
1885,11,12,3,1,,,,,CHILE
1885,11,19,1,,,,,,USA
1885,11,24,-1,,,,,,USA
1885,12,14,1,,,,,,INDONESIA
1886,1,31,1,,,,,,INDONESIA
1886,6,1,0,0.3,,,,,NEW ZEALAND
1886,8,27,3,,,,,,GREECE
1886,8,29,-1,,,,,,CHILE
1886,9,1,4,,,,,,USA
1886,12,,4,,,,,,NEW ZEALAND
1886,,,1,,,,,,BANGLADESH
1887,2,2,1,,,,,,PHILIPPINES
1887,2,5,-1,,,,,,USA
1887,2,23,3,2,,,,,ITALY
1887,5,3,1,,51,,,,MEXICO
1887,5,19,1,,,,,,INDONESIA
1887,7,8,2,0.06,,,,,USA
1887,9,23,4,,,,,,HAITI
1887,10,3,2,,,,,,GREECE
1888,3,13,4,15,,,,,PAPUA NEW GUINEA
1888,3,21,1,,,,,,INDONESIA
1888,4,23,4,7,1,,,,NORWAY
1888,6,5,1,,,,,,URUGUAY
1888,6,13,0,,,,,,CHINA
1888,7,30,2,,,,,,ITALY
1888,9,9,4,,,,,,GREECE
1889,1,1,1,,,,,,USA
1889,3,8,2,11,,,,,TONGA
1889,5,25,3,0.1,,,,,PHILIPPINES
1889,8,16,2,,,,,,INDONESIA
1889,9,6,4,4,,,,,INDONESIA
1889,9,8,-1,,,,,,USA
1889,9,8,-1,,,,,,INDONESIA
1889,11,23,2,,,,,,INDONESIA
1889,12,8,1,,,,,,ITALY
1890,7,11,3,,171,,,,IRAN
1891,1,15,3,,36,,75,,ALGERIA
1891,5,19,1,,,,,,INDONESIA
1891,6,10,3,,,,,,INDONESIA
1891,6,20,3,,,,,,INDONESIA
1891,6,22,2,,,,,,NEW ZEALAND
1891,7,30,1,,,,,,MEXICO
1891,9,16,2,,,,,,NEW ZEALAND
1891,10,5,3,,,,,,INDONESIA
1891,11,29,3,2.44,,,,,USA
1892,1,7,-1,,,,,,INDONESIA
1892,3,27,2,,,,,,CHILE
1892,5,10,1,,,,,,URUGUAY
1892,5,16,4,,,,,,USA TERRITORY
1892,5,17,3,,,,,,INDONESIA
1892,6,7,4,0.75,1532,,,,INDONESIA
1892,8,30,3,,,,,,TONGA
1892,8,,2,,,,,,VANUATU
1892,11,15,1,,,,,,ITALY
1892,11,18,3,,,,,,INDONESIA
1892,12,9,4,,1,,2,,JAPAN
1893,1,28,1,,,,,,GREECE
1893,2,9,4,1,1,,,,GREECE
1893,2,19,2,,,,,,JAMAICA
1893,4,17,3,,,,,,GREECE
1893,6,4,4,3,,,,,RUSSIA
1893,6,13,4,,,,,,JAPAN
1893,6,14,2,,,,,,ALBANIA
1893,6,21,0,,,,,,PHILIPPINES
1893,7,31,1,,,,,,VANUATU
1893,8,27,2,,,,,,VANUATU
1894,3,22,4,4,1,,,99,JAPAN
1894,4,27,4,3,,,,,GREECE
1894,5,10,2,6,,,,,MEXICO
1894,7,10,4,4.5,,,,,TURKEY
1894,10,22,4,,726,,3858,,JAPAN
1894,11,16,2,,101,,,,ITALY
1894,11,21,2,12.2,,,,,ATLANTIC OCEAN
1894,11,28,3,3,2,,,,USA
1894,,,2,1,,,,,TUNISIA
1895,1,28,-1,,,,,,USA
1895,3,6,4,6,,,,,PAPUA NEW GUINEA
1895,3,9,2,,,,,,USA
1895,5,25,1,,,,,,JAPAN
1895,5,31,4,,,,,,CHILE
1895,7,8,2,,,,,,TURKMENISTAN
1895,7,9,4,5,,,,,NEW ZEALAND
1895,7,,1,,,,,,USA
1895,8,18,4,,,,,,NEW ZEALAND
1895,9,1,3,,,,,,USA
1895,10,14,-1,,,,,,USA
1895,10,31,0,,,,,,USA
1895,11,1,1,,,,,,ITALY
1896,1,9,4,0.25,,,,,JAPAN
1896,2,16,2,,,,,,JAMAICA
1896,6,15,4,38.2,27122,,11000,,JAPAN
1896,10,10,2,,,,,,INDONESIA
1896,10,16,1,,,,,,ITALY
1896,11,5,3,,,,,,GREECE
1896,12,17,-1,2.5,,,,,USA
1896,,,4,,,,,,ICELAND
1897,2,19,4,1,,,,,JAPAN
1897,3,15,2,,,,,,INDONESIA
1897,3,26,3,,,,,,SOLOMON ISLANDS
1897,4,17,2,,,,,,USA
1897,4,29,1,,,,,,NEW ZEALAND
1897,6,12,0,,1542,,,,INDIA
1897,6,20,2,,,,,,MEXICO
1897,8,5,4,3.6,,,,,JAPAN
1897,9,20,1,2,,,,,PHILIPPINES
1897,9,21,4,7,13,,,,PHILIPPINES
1897,9,21,1,1,,,,,NEW ZEALAND
1897,10,18,3,,,,17,,PHILIPPINES
1897,12,29,1,,,,,,DOMINICAN REPUBLIC
1897,12,,1,,,,,,GREECE
1897,,,1,,,,,,MONTSERRAT
1898,3,31,1,0.31,,,,,USA
1898,4,22,4,0.1,,,,,JAPAN
1898,6,2,3,,,,,,GREECE
1898,7,23,1,,6,,,,CHILE
1898,12,3,2,,,,,,GREECE
1899,1,15,3,,,,,,PAPUA NEW GUINEA
1899,1,22,2,1,,,,,GREECE
1899,1,29,1,1.8,,,,,AUSTRALIA
1899,2,3,1,10,1,,,,PORTUGAL
1899,8,8,1,,,,,,CHILE
1899,9,4,4,3.1,,,,,USA
1899,9,10,4,60.96,,,,,USA
1899,9,29,4,12,2460,,,,INDONESIA
1899,10,7,2,,,,,,JAPAN
1899,10,19,2,,,,,,PAPUA NEW GUINEA
1899,11,24,4,0.3,,,,,JAPAN
1899,11,25,4,,,,,,JAPAN
1899,12,25,1,,,,,,USA
1899,,,3,3,,,,,VIETNAM
1900,1,10,1,,,,,,INDONESIA
1900,8,11,4,,5,,,,USA
1900,9,10,4,,,,,,PAPUA NEW GUINEA
1900,9,17,3,3,,,,,PAPUA NEW GUINEA
1900,10,7,3,,5,,1,,INDONESIA
1900,10,29,3,10,25,,,,VENEZUELA
1901,3,3,3,,,,,,USA
1901,3,31,3,3,4,,1200,,BULGARIA
1901,6,15,4,,,,,,JAPAN
1901,6,24,4,0.25,,,,,JAPAN
1901,8,9,4,0.6,,,,,JAPAN
1901,8,9,4,1.2,,,,,NEW CALEDONIA
1901,8,9,4,0.25,18,,8,,JAPAN
1901,8,9,4,0.02,,,,,JAPAN
1901,9,10,2,,,,,,PHILIPPINES
1901,10,8,3,1.5,,,,,NICARAGUA
1901,12,31,1,,,,,,USA
1902,1,18,1,,,,,,GUATEMALA
1902,2,26,3,,185,,,,EL SALVADOR
1902,4,19,0,,2000,,,,GUATEMALA
1902,5,5,4,5,23,,,,MARTINIQUE (FRENCH TERRITORY)
1902,5,7,4,1,1680,,,,SAINT VINCENT AND THE GRENADINES
1902,5,8,2,,28000,,,,MARTINIQUE (FRENCH TERRITORY)
1902,5,20,2,,,,,,MARTINIQUE (FRENCH TERRITORY)
1902,6,6,2,,,,,,MARTINIQUE (FRENCH TERRITORY)
1902,7,5,3,,,,,,GREECE
1902,7,8,2,,,,,,MARTINIQUE (FRENCH TERRITORY)
1902,8,16,1,,,,,,MEXICO
1902,8,21,1,,,,,,PHILIPPINES
1902,8,30,4,1,1500,,,,MARTINIQUE (FRENCH TERRITORY)
1902,9,27,1,,,,,,GUATEMALA
1903,2,10,1,0.15,,,,,USA TERRITORY
1903,3,30,2,1,,,,,INDONESIA
1903,5,13,1,,,,,,ITALY
1903,7,16,1,,,,,,MEXICO
1903,8,,2,,,,,,USA
1903,9,7,1,,,,,,TAIWAN
1903,9,26,2,,,,,,CHILE
1903,10,6,-1,,,,,,USA
1903,10,8,-1,,,,,,USA
1903,10,20,3,,,,,,CANADA
1903,11,17,1,,,,,,USA
1903,11,24,4,,,,,,USA
1903,11,29,0,15.7,,,,,USA
1903,12,7,3,,,,,,CHILE
1904,1,20,1,,,,,,COLOMBIA
1904,2,2,2,,,,,,INDONESIA
1904,3,30,-1,,,,,,USA
1904,6,25,4,,,,,,RUSSIA
1904,6,25,3,,,,,,RUSSIA
1904,7,5,1,,,,,,INDONESIA
1904,8,8,1,3,,,,,NEW ZEALAND
1904,8,25,1,,,,,,NEW ZEALAND
1904,9,7,1,,,,,,INDONESIA
1904,12,20,2,,,,,,PANAMA
1904,12,30,-1,,,,,,COOK ISLANDS
1905,1,16,0,40.5,61,,,,NORWAY
1905,1,20,2,,,,,,GREECE
1905,1,20,2,,,,,,COSTA RICA
1905,1,,1,,,,,,MEXICO
1905,2,26,2,,1,,,,NEW ZEALAND
1905,3,19,2,0.6,,,,,VANUATU
1905,4,4,0,,19000,,,,INDIA
1905,7,4,4,33.53,,,,,USA
1905,7,6,3,,57,,,,JAPAN
1905,8,4,2,,,,,,SAMOA
1905,9,8,4,1.3,557,,6700,,ITALY
1905,10,4,4,0.5,,,,,RUSSIA
1905,10,21,1,,,,,,GEORGIA
1905,11,8,3,3,11,,,,GREECE
1905,11,22,2,,,,,,VANUATU
1905,11,24,2,,,,,,VANUATU
1905,12,8,1,,,,,,PHILIPPINES
1905,,,2,,,,,,TUNISIA
1905,,,1,,,,,,TOGO
1906,1,31,4,5,1000,,,,ECUADOR
1906,1,31,4,,,,,,VENEZUELA
1906,2,7,4,0.25,,,,,ECUADOR
1906,2,21,3,,,,,,COLOMBIA
1906,4,4,4,0.4,350,,,,ITALY
1906,4,18,4,0.1,,,,,USA
1906,5,7,2,,,,,,CHILE
1906,5,25,2,,,,,,EL SALVADOR
1906,7,1,1,,,,,,"MARSHALL ISLANDS, REP. OF"
1906,8,7,2,0.02,,,,,USA
1906,8,17,3,3.5,4000,100,,,CHILE
1906,9,14,4,1.5,,,,,PAPUA NEW GUINEA
1906,10,2,3,1.2,,,,,PAPUA NEW GUINEA
1906,11,6,-1,,,,,,USA
1906,11,20,3,,,,,,GHANA
1906,11,28,2,,,,,,SAMOA
1906,12,26,2,,,,,,PERU
1906,,,1,,,,,,VENEZUELA
1907,1,4,4,15,2188,,,,INDONESIA
1907,1,14,4,2.5,1000,30,,,JAMAICA
1907,3,29,1,4,,,,,INDONESIA
1907,4,14,3,2,8,,,,MEXICO
1907,6,8,2,,,,,,SAMOA
1907,6,19,2,,,,,,SAMOA
1907,6,27,2,,,,,,SAMOA
1907,7,9,2,,,,,,SAMOA
1907,7,25,2,,,,,,SAMOA
1907,7,,2,,,,,,TONGA
1907,9,24,3,0.7,,,,,USA
1907,10,6,4,3.6,,,,,SAMOA
1907,10,23,4,,158,,,,ITALY
1907,12,15,2,,,,,,PAPUA NEW GUINEA
1908,2,6,3,1.4,,,,,INDONESIA
1908,2,14,1,,,,,,USA
1908,3,23,-1,,,,,,INDONESIA
1908,4,6,0,15,33,,40,,CANADA
1908,5,31,1,,,,,,UKRAINE
1908,9,11,2,,,,,,CANADA
1908,9,21,4,1.2,,,,,USA
1908,12,12,1,,,,,,PERU
1908,12,28,4,13,80000,116,,,ITALY
1909,3,7,2,3,,,,,COOK ISLANDS
1909,3,12,4,,,,,,JAPAN
1909,3,13,4,,,,,,JAPAN
1909,6,3,2,,,,,,INDONESIA
1909,6,8,0,,,,,,CHILE
1909,7,8,1,,,,,,VANUATU
1909,7,30,2,9,,,,,MEXICO
1909,8,14,4,1.8,41,,976,,JAPAN
1909,9,20,-1,,300,,,,USA
1909,10,6,0,,,,,,USA
1909,12,9,4,,,,,,USA TERRITORY
1910,2,25,1,,,,,,PAPUA NEW GUINEA
1910,3,20,0,,,,,,NEW ZEALAND
1910,11,5,1,,,,,,USA
1910,11,10,3,,,,,,VANUATU
1910,11,21,0,0.3,,,,,USA
1910,12,18,2,,,,,,INDONESIA
1910,12,30,1,,,,,,PHILIPPINES
1911,1,30,4,3,1335,,543,,PHILIPPINES
1911,2,18,3,,,,,,ALBANIA
1911,5,8,2,,,,,,PAPUA NEW GUINEA
1911,5,11,2,5,,,,,TOGO
1911,6,15,4,,12,,422,,JAPAN
1911,7,12,1,,,,,,PHILIPPINES
1911,9,15,2,,,,,,CHILE
1911,9,22,1,,,,,,USA
1911,11,3,3,,,,,,TRINIDAD AND TOBAGO
1912,1,24,2,,,,,,GREECE
1912,4,13,0,,,,,,USA
1912,6,8,3,0.5,,,,,JAPAN
1912,8,9,4,2.7,2800,,24700,15400,TURKEY
1912,10,31,1,,,,,,"MICRONESIA, FED. STATES OF"
1912,12,6,1,,,,,,"MICRONESIA, FED. STATES OF"
1913,2,22,3,1.5,,,,,NEW ZEALAND
1913,3,14,-1,,138,,,,INDONESIA
1913,6,9,2,,,,,,USA
1913,7,28,1,,,,,,PERU
1913,8,6,2,,,,,,PERU
1913,10,2,2,,,,,,PANAMA
1913,10,11,4,0.1,,,,,PAPUA NEW GUINEA
1913,12,11,2,4.5,,,,,USA
1914,1,12,4,3,63,19,2268,,JAPAN
1914,1,12,2,1,,,,,PERU
1914,1,15,1,,,,,,ITALY
1914,2,26,1,,,,,,PERU
1914,3,14,-1,,,,,,INDONESIA
1914,5,26,4,0.1,,,,,INDONESIA
1914,5,,2,,,,,,CANADA
1914,6,25,2,,20,,,,INDONESIA
1914,10,6,4,,1,,,,NEW ZEALAND
1914,11,27,1,3,14,,,,GREECE
1914,12,3,2,,,,,,INDONESIA
1915,1,27,2,,,,,,GREECE
1915,2,11,1,2.4,3,,,,USA TERRITORY
1915,5,23,1,0.5,,,,,INDONESIA
1915,8,7,3,1.5,,,,,GREECE
1915,8,,1,,,,,,PAPUA NEW GUINEA
1915,9,7,1,,,,,,EL SALVADOR
1915,11,1,4,1,,,,,JAPAN
1915,11,6,2,,,,,,INDONESIA
1915,11,18,3,,,,,,PHILIPPINES
1916,1,1,3,,,,,,PAPUA NEW GUINEA
1916,1,31,1,,,,,,COSTA RICA
1916,4,26,4,1.3,,0.025,,,PANAMA
1916,7,3,4,10,,,,,ITALY
1916,8,16,4,,,,,,ITALY
1916,11,12,2,,,,,,VENEZUELA
1917,1,9,1,,,,,,INDONESIA
1917,1,20,3,2,1500,,,,INDONESIA
1917,1,25,3,,,,,,CHINA
1917,1,30,2,,,,,,RUSSIA
1917,1,31,3,1.5,7,,,,PHILIPPINES
1917,1,,1,,,,,,INDONESIA
1917,3,16,2,1.5,,,,,INDONESIA
1917,5,1,4,0.3,,,,,NEW ZEALAND
1917,5,6,4,0.5,,,,,TAIWAN
1917,6,26,4,12.2,2,,,,SAMOA
1917,7,29,2,0.9,,,,,PAPUA NEW GUINEA
1917,8,16,3,2.4,1,,,,USA
1917,8,23,2,,,,,,INDONESIA
1917,9,1,2,1.9,,,,,FRENCH POLYNESIA
1917,11,16,2,2.5,,,,,NEW ZEALAND
1917,12,6,4,7,2000,,,,CANADA
1918,2,13,3,,2000,,,,CHINA
1918,5,20,2,,,,,,CHILE
1918,7,18,1,0.08,,,,,INDONESIA
1918,8,14,0,,,,,,CHINA
1918,8,15,4,7.2,52,,,,PHILIPPINES
1918,9,7,4,12,23,,,19,RUSSIA
1918,10,11,4,6.1,144,4,,,USA TERRITORY
1918,10,25,3,,,,,,USA TERRITORY
1918,11,8,4,0.5,,,,,RUSSIA
1918,12,4,4,5,,,,,CHILE
1918,,,1,,,,,,ICELAND
1919,1,1,1,0.44,,,,,PHILIPPINES
1919,1,1,1,0.4,,,,,TONGA
1919,1,,-1,,,,,,USA
1919,2,13,2,,,,,,INDONESIA
1919,4,3,1,5,,,,,INDONESIA
1919,4,9,-1,,,,,,USA
1919,4,29,-1,,,,,,TONGA
1919,4,30,4,2.5,,,,,TONGA
1919,5,6,3,,,,,,PAPUA NEW GUINEA
1919,5,22,4,0.75,4,,10,,ITALY
1919,6,29,3,,,,,,NICARAGUA
1919,8,19,0,,,,,,VENEZUELA
1919,10,2,4,4.3,,,,,USA
1919,10,22,-1,,,,,,ITALY
1919,11,21,1,,,,,,INDONESIA
1919,12,26,1,,,,,,UKRAINE
1920,1,29,1,2,,,,,INDONESIA
1920,2,2,1,,,,,,PAPUA NEW GUINEA
1920,8,20,3,1.4,,,,,CHILE
1920,8,,-1,,,,,,USA TERRITORY
1920,9,20,3,,,,,,VANUATU
1920,12,16,0,0.75,,,,,CHINA
1920,12,18,1,,,,,,ALBANIA
1921,5,14,2,1,,,,,INDONESIA
1921,8,4,3,,,,,,CHINA
1921,9,11,4,0.1,,,,,INDONESIA
1921,11,11,3,,,,,,PHILIPPINES
1921,12,16,-1,,,,,,USA
1922,1,6,2,,,,,,PERU
1922,1,19,3,1.8,,,,,PAPUA NEW GUINEA
1922,2,22,1,,,,,,INDONESIA
1922,2,27,2,0.7,5,,,,PHILIPPINES
1922,3,1,2,,,,,,PHILIPPINES
1922,4,10,1,,,,,,INDONESIA
1922,5,2,2,0.64,,,,,USA
1922,7,8,1,,,,,,INDONESIA
1922,8,8,2,,,,,,GREECE
1922,9,1,1,,5,,139,,TAIWAN
1922,10,22,1,,,,,,AUSTRALIA
1922,11,7,2,,,,,,CHILE
1922,11,11,4,9,700,,,,CHILE
1922,12,25,3,0.4,,,,,NEW ZEALAND
1923,1,22,0,0.1,,,,,USA
1923,2,3,4,8,3,1.5,,,RUSSIA
1923,2,17,3,1.5,,,,,CHILE
1923,3,2,3,,,,,,PHILIPPINES
1923,3,4,1,35,,,,,CHILE
1923,4,13,4,20,18,,,,RUSSIA
1923,5,4,-1,,,,,,CHILE
1923,5,7,-1,,,,,,CHILE
1923,6,1,4,0.4,,,,,JAPAN
1923,7,18,1,,,,,,PHILIPPINES
1923,8,6,1,,2,,,,USA
1923,8,12,2,,,,,,CHILE
1923,8,,1,,,,,,KOREA
1923,9,1,4,13,142807,600,695000,,JAPAN
1923,9,2,4,0.3,,,,,JAPAN
1923,9,4,-1,6.1,,,,,USA
1923,11,2,3,,,,,,PAPUA NEW GUINEA
1923,11,4,1,,,,,,PAPUA NEW GUINEA
1923,,,2,,,,,,VIETNAM
1924,3,15,0,,,,,,RUSSIA
1924,4,13,-1,,,,,,RUSSIA
1924,4,14,4,,,,,,PHILIPPINES
1924,4,16,-1,,,,,,RUSSIA
1924,5,6,4,,,,,,PHILIPPINES
1924,5,30,-1,5,,,,,USA
1924,6,2,-1,,,,,,PHILIPPINES
1924,6,26,3,,,,,,AUSTRALIA
1924,7,19,1,,,,,,NEW ZEALAND
1924,8,8,1,4.6,,,,,USA
1924,8,28,1,,,,,,ICELAND
1924,8,30,2,,,,,,PHILIPPINES
1925,1,8,1,1,,,,,INDONESIA
1925,2,23,3,1.4,,,,,USA
1925,5,4,1,,,,,,MEXICO
1925,5,5,2,,17,,,,PHILIPPINES
1925,5,11,-1,,,,,,ITALY
1925,5,15,2,,,,,,CHILE
1925,5,25,2,,,,,,PHILIPPINES
1925,10,4,4,0.34,,,,,USA
1925,11,13,2,,,,,,PHILIPPINES
1925,11,16,1,11,,,,,MEXICO
1925,11,25,-1,,,,,,PHILIPPINES
1925,12,22,1,,,,,,"MICRONESIA, FED. STATES OF"
1926,1,9,2,3,,,,,USA
1926,1,25,3,,,,,,SOLOMON ISLANDS
1926,3,20,1,1.5,,,,,USA
1926,3,31,-1,,1,,,,COOK ISLANDS
1926,6,28,0,,,,,,INDONESIA
1926,7,30,1,,,,,,UK
1926,7,,1,,,,,,SOUTH KOREA
1926,8,17,2,,,,,,ITALY
1926,8,30,3,,,,,,GREECE
1926,8,31,1,0.3,9,,,,PORTUGAL
1926,9,16,4,2,,,,,SOLOMON ISLANDS
1926,12,9,2,,,,,,CHILE
1926,12,18,2,,,,,,PORTUGAL
1926,,,2,6.35,,,,,NEW ZEALAND
1927,1,1,1,,1,3,,20,USA
1927,1,24,2,,,,,,NORWAY
1927,3,7,4,11.3,3022,,15594,9821,JAPAN
1927,6,26,4,0.7,,,,,UKRAINE
1927,7,11,2,1,268,,,,ISRAEL
1927,8,5,4,0.1,,,,,JAPAN
1927,8,18,4,0.4,,,,,JAPAN
1927,9,6,1,,,,,,MEXICO
1927,9,11,4,1,11,,,,UKRAINE
1927,10,12,2,,,,,,USA
1927,10,24,3,,,,,,USA
1927,11,4,4,1.8,,,,,USA
1927,11,21,3,,,,,,CHILE
1927,12,1,3,15,50,,,,INDONESIA
1927,12,28,4,2,,,,,RUSSIA
1928,2,9,2,,,,,,CANADA
1928,3,22,4,,,,,,MEXICO
1928,3,26,3,,,,,,INDONESIA
1928,3,31,1,,170,,2600,,GREECE
1928,3,31,1,,,,,,CHILE
1928,4,9,1,,10,,,,PERU
1928,4,22,3,0.6,20,,3000,,GREECE
1928,4,24,2,,,,,,GREECE
1928,4,25,1,,,,,,GREECE
1928,4,27,0,,,,,,PERU
1928,4,27,2,0.6,,,,,GREECE
1928,5,2,1,,,,,,GREECE
1928,5,3,2,,,,,,TURKEY
1928,5,18,2,,,,,,TONGA
1928,5,27,4,0.45,,,,,JAPAN
1928,5,30,-1,,,,,,JAPAN
1928,6,15,3,,,,,,PHILIPPINES
1928,6,17,4,0.2,4,,,,MEXICO
1928,7,18,2,,,,,,PERU
1928,8,4,4,10,226,,,,INDONESIA
1928,9,13,-1,,,,,,VENEZUELA
1928,11,20,2,,,,,,CHILE
1928,12,1,3,1.5,279,,,,CHILE
1928,12,19,3,,97,,,,PHILIPPINES
1928,,,1,,,,,,CANADA
1929,1,17,4,6,50,,,,VENEZUELA
1929,3,7,4,1,,,,,USA
1929,5,21,4,0.7,,,,,JAPAN
1929,5,26,3,1.5,,,,,CANADA
1929,6,13,2,,,,,,PHILIPPINES
1929,6,16,2,2.5,17,,,,NEW ZEALAND
1929,8,9,2,7.5,,,,,CHILE
1929,8,12,0,,,,,,USA
1929,11,9,2,,6,,,,INDONESIA
1929,11,18,4,13,28,1,,,CANADA
1930,1,3,0,,,,,,CHINA
1930,2,16,2,,,,,,SPAIN
1930,2,,-1,,,,,,USA
1930,3,4,4,5,20,,,,PORTUGAL
1930,3,17,1,500,,,,,INDONESIA
1930,5,2,4,,,,,,NORWAY
1930,5,5,4,1.06,500,,,,MYANMAR (BURMA)
1930,6,19,3,1.5,,,,,INDONESIA
1930,7,19,2,0.1,,,,,INDONESIA
1930,8,31,3,3.05,1,,,,USA
1930,9,11,4,2.5,6,,,,ITALY
1930,9,11,1,,,,,,INDONESIA
1930,9,30,3,,,,,,PAPUA NEW GUINEA
1930,10,30,4,,18,,,,ITALY
1930,11,5,3,6,,,,,KENYA
1930,12,23,4,12,27,,104,,PAPUA NEW GUINEA
1930,12,29,2,1,,,,,CHILE
1931,2,2,4,15,261,25,,,NEW ZEALAND
1931,2,13,1,0.1,,,,,NEW ZEALAND
1931,2,19,1,,,,,,NEW ZEALAND
1931,3,9,4,0.4,,,,,JAPAN
1931,3,18,2,,,,,,CHILE
1931,6,7,2,,,,,,UK
1931,8,7,1,,,,,,PAPUA NEW GUINEA
1931,8,19,1,3,4,,,,USA
1931,8,31,1,,,,,,PORTUGAL
1931,9,25,3,1,,,,,INDONESIA
1931,10,3,4,9,50,,,,SOLOMON ISLANDS
1931,11,2,4,0.8,1,,14,,JAPAN
1931,12,1,1,1,,,,,CUBA
1932,2,3,2,,,,,,CUBA
1932,5,7,-1,,,,,,ITALY
1932,6,3,4,10,400,,,,MEXICO
1932,6,18,4,1,,,,,MEXICO
1932,6,22,4,10,75,,400,,MEXICO
1932,6,29,2,,,,,,MEXICO
1932,9,9,2,,,,73,,INDONESIA
1932,9,15,2,,,,,,NEW ZEALAND
1932,9,26,1,2,161,,4106,3218,GREECE
1932,11,4,1,,,,,,VENEZUELA
1932,11,10,-1,5.4,,,,,USA
1933,1,8,4,9,2,,,,RUSSIA
1933,2,23,1,,,,,,CHILE
1933,3,2,4,29,3022,,6000,,JAPAN
1933,3,11,1,0.1,120,41,,,USA
1933,4,23,1,2,181,,,,GREECE
1933,5,19,3,,,,,,TOGO
1933,6,18,4,0.2,,,,,JAPAN
1933,10,2,3,,,,,,ECUADOR
1933,12,12,2,,,,,,PAPUA NEW GUINEA
1933,12,25,1,,9,,,,PHILIPPINES
1934,1,15,0,,10600,,,,NEPAL
1934,2,14,4,,,,,,PHILIPPINES
1934,4,7,4,62.3,41,,,,NORWAY
1934,6,3,2,,,,,,ICELAND
1934,7,18,3,,,0.05,,,PANAMA
1934,7,18,3,0.65,,,,,SOLOMON ISLANDS
1934,7,21,3,,,,,,SOLOMON ISLANDS
1934,8,21,0,12,,0.075,1,,USA
1934,11,30,4,0.11,,,,,MEXICO
1934,12,4,1,,,,,,CHILE
1934,12,12,1,,,,,,PAPUA NEW GUINEA
1935,1,4,3,,5,,,,TURKEY
1935,5,30,0,,60000,25,,,PAKISTAN
1935,7,19,4,0.2,,,,,JAPAN
1935,8,22,1,,,,,,PORTUGAL
1935,9,20,3,,,,,,PAPUA NEW GUINEA
1935,10,12,4,0.3,,,,,JAPAN
1935,10,18,4,0.2,,,,,JAPAN
1935,11,21,1,,,,,,USA
1935,11,25,2,,,,,,INDONESIA
1935,12,18,0,,100,,,,CHINA
1935,12,28,1,,,,,,INDONESIA
1936,2,2,1,,,,,,NEW ZEALAND
1936,2,25,1,,,,,,NAURU
1936,4,1,4,3,,,169,,INDONESIA
1936,7,13,4,1,1,,,,CHILE
1936,8,23,2,,9,,,,INDONESIA
1936,9,13,4,74,73,,,,NORWAY
1936,10,27,4,149.35,,,,,USA
1936,11,2,4,0.7,,,,,JAPAN
1936,11,13,2,13,,,,,RUSSIA
1936,,,3,2.2,,,,,NEW CALEDONIA
1937,5,29,4,2.5,507,,,,PAPUA NEW GUINEA
1937,8,20,3,,1,,,,PHILIPPINES
1937,9,21,3,,,,,,RUSSIA
1937,9,21,-1,,,,,,USA
1937,9,22,1,,,,,,RUSSIA
1937,11,6,2,0.5,,,,,INDONESIA
1938,1,28,0,,,,,,CONGO
1938,2,1,4,1,,,24,8,INDONESIA
1938,2,6,2,,5,,,,AUSTRALIA
1938,2,13,2,0.5,,,,,INDONESIA
1938,3,6,1,0.03,,,,,PAPUA NEW GUINEA
1938,3,22,-1,,,,,,CANADA
1938,3,,4,,,,,,NORWAY
1938,5,12,3,,,,,,PAPUA NEW GUINEA
1938,5,19,4,3,17,,942,,INDONESIA
1938,5,23,4,0.83,,,,,JAPAN
1938,5,28,4,0.9,1,,7,,JAPAN
1938,6,10,4,1.5,,,,,JAPAN
1938,9,21,1,,,,,,USA
1938,11,5,4,0.57,1,,20,,JAPAN
1938,11,5,4,0.56,,,,,JAPAN
1938,11,6,4,1.26,,,,,JAPAN
1938,11,6,4,1.25,,,,,JAPAN
1938,11,9,-1,,,,,,JAPAN
1938,11,10,4,0.3,,,,,USA
1938,11,13,4,0.75,,,,,JAPAN
1938,11,16,-1,,,,,,JAPAN
1938,11,22,4,0.3,,,,,JAPAN
1938,11,30,4,0.2,,,,,JAPAN
1939,1,25,1,,30000,920,,,CHILE
1939,1,27,1,,,,,,ITALY
1939,1,30,2,,5,,,,PAPUA NEW GUINEA
1939,3,20,4,0.8,1,,1,,JAPAN
1939,4,18,1,,,,,,CHILE
1939,4,30,3,10.5,12,,,,SOLOMON ISLANDS
1939,5,1,4,1.2,27,,479,,JAPAN
1939,5,6,1,,,,,,PHILIPPINES
1939,5,8,4,0.2,,,,,PORTUGAL
1939,6,22,2,,22,,1500,,GHANA
1939,7,24,2,2,,,,,GRENADA
1939,8,15,2,,,,,,CUBA
1939,12,21,3,,,,,,INDONESIA
1939,12,26,4,0.53,32700,20,120000,,TURKEY
1940,1,15,2,,,,,,ITALY
1940,5,24,2,2,179,,,,PERU
1940,8,1,4,5,10,,20,,JAPAN
1940,8,31,4,,,,,,NORWAY
1940,10,4,1,,,,,,CHILE
1940,10,11,1,,,,,,CHILE
1941,1,13,4,0.15,4,,1,,PAPUA NEW GUINEA
1941,1,20,2,,,,,,CYPRUS
1941,2,9,0,,,,,,USA
1941,3,16,2,,,,,,ITALY
1941,6,26,4,1.5,,,,,INDIA
1941,7,7,3,6,,,,,SPAIN
1941,11,18,4,1.2,2,,27,,JAPAN
1941,11,25,4,0.23,,,,,ATLANTIC OCEAN
1941,12,5,4,0.23,6,,,,COSTA RICA
1941,12,6,4,0.1,,,,,COSTA RICA
1942,5,22,1,1,,,,,COLOMBIA
1942,5,,3,3,,,,,NEW CALEDONIA
1942,8,24,4,2,30,,,,PERU
1943,4,6,4,1,11,,,,CHILE
1943,6,13,4,0.6,,,,,JAPAN
1944,4,9,0,9.14,,,,,USA
1944,8,20,4,,,,1,,ITALY
1944,9,14,1,,,,,,USA
1944,10,6,3,,30,,5500,,TURKEY
1944,12,7,4,10,1223,,29205,46950,JAPAN
1944,,,1,,,,,,USA
1945,1,12,4,1,2306,,7221,,JAPAN
1945,2,10,4,0.4,2,,2,,JAPAN
1945,11,27,4,17,4000,25,,,PAKISTAN
1946,4,1,4,42,168,26.271,,,USA
1946,6,23,4,9,,,,,CANADA
1946,8,2,2,,2,,,,CHILE
1946,8,4,4,5,1790,,,,DOMINICAN REPUBLIC
1946,8,8,4,0.6,75,,,,DOMINICAN REPUBLIC
1946,9,30,2,,,,,,PERU
1946,11,1,1,,,,,,USA
1946,11,13,3,,,,,,RUSSIA
1946,12,20,4,6.6,1362,,11661,,JAPAN
1947,1,,-1,,,,,,USA
1947,3,25,3,10,,,,,NEW ZEALAND
1947,5,17,4,6,,,,,NEW ZEALAND
1947,10,6,3,1,3,,7000,,GREECE
1947,11,4,4,2,,,,,JAPAN
1948,1,24,3,,74,3.5,,,PHILIPPINES
1948,2,9,4,7.3,,,,,GREECE
1948,4,17,4,0.6,,,,,JAPAN
1948,4,22,4,1,2,,244,2022,GREECE
1948,5,23,2,3,,,,,CHINA
1948,6,1,3,,,,,,INDONESIA
1948,9,8,4,2,,,,,TONGA
1948,12,3,2,5,4,,,,MEXICO
1948,12,26,3,,,,,,CHILE
1949,1,27,4,,,,,,RUSSIA
1949,2,9,1,,,,,,GREECE
1949,4,13,3,,8,25,,,USA
1949,4,16,4,2.4,,,,,USA
1949,4,20,2,,,,,,CHILE
1949,5,9,2,,,,,,INDONESIA
1949,7,23,3,2,7,,534,5501,GREECE
1949,7,27,0,19.81,,,,,USA
1949,8,22,4,0.61,,,,,CANADA
1949,9,5,0,0.1,,,,,PHILIPPINES
1949,9,27,-1,,,,,,USA
1949,10,19,4,0.3,,,,,PAPUA NEW GUINEA
1949,12,17,1,,1,,,,CHILE
1949,12,17,2,,3,,,,CHILE
1949,12,29,1,,16,,,,PHILIPPINES
1950,1,30,1,,,,,,CHILE
1950,3,14,2,,,,,,NEW ZEALAND
1950,4,30,0,,,,,,PANAMA
1950,8,3,2,,100,,,,VENEZUELA
1950,8,15,0,0.5,1530,20,,,INDIA
1950,10,5,4,0.1,,,,,COSTA RICA
1950,10,8,3,,1,,,,INDONESIA
1950,10,8,1,,,,,,NORWAY
1950,10,23,4,0.2,,,,,GUATEMALA
1950,11,8,3,1.2,,,,,SOLOMON ISLANDS
1950,12,2,3,2.5,,,,,VANUATU
1950,12,10,2,0.7,4,,,,PERU
1950,12,14,4,0.3,,,,,MEXICO
1951,2,22,2,6,,,,,PAPUA NEW GUINEA
1951,2,23,0,3,,0.003,,,USA
1951,8,3,1,,,,,,NICARAGUA
1951,8,21,4,3.6,,,,,USA
1951,10,22,4,0.3,68,,2382,,TAIWAN
1951,12,21,0,2,,,,,CHINA
1951,12,22,3,,,,,,SOLOMON ISLANDS
1952,1,9,4,2,,,,,NORWAY
1952,3,4,4,6.54,33,,2422,,JAPAN
1952,3,9,4,0.3,,,113,,JAPAN
1952,3,17,4,3,,,,,USA
1952,3,19,4,0.33,,,,,PHILIPPINES
1952,4,10,0,19.81,,,,,USA
1952,5,6,0,1.52,,,,,USA
1952,5,13,2,0.1,,,,,COSTA RICA
1952,7,13,2,,,,,,VANUATU
1952,9,16,4,0.15,,,,,JAPAN
1952,9,23,4,0.05,,,,,JAPAN
1952,9,24,4,0.15,31,,,,JAPAN
1952,9,26,4,0.1,,,,,JAPAN
1952,10,13,0,,,,,,USA
1952,11,4,4,23,10000,1,,,RUSSIA
1952,,,3,,1,,,,GREENLAND
1953,2,14,0,,,,,,USA
1953,2,15,2,0.7,,,,,PERU
1953,2,16,0,4.8,,,,,USA
1953,3,11,4,6,,,,,JAPAN
1953,3,17,3,3,,,,,RUSSIA
1953,3,25,4,0.05,,,,,JAPAN
1953,4,23,1,,,0.013,,,PAPUA NEW GUINEA
1953,5,6,1,,9,500,,,CHILE
1953,5,31,2,0.06,,,,,DOMINICAN REPUBLIC
1953,6,27,3,,,,,,PAPUA NEW GUINEA
1953,8,12,2,,476,100,27773,,GREECE
1953,8,19,0,,,,,,USA
1953,9,10,3,,40,,500,,CYPRUS
1953,9,14,4,15,7,,,,FIJI
1953,11,14,1,2.4,1,,,,AUSTRALIA
1953,11,25,4,3,1,,,,JAPAN
1953,12,12,4,1,6,,200,,PERU
1954,1,21,3,1,,,,,ARGENTINA
1954,2,11,0,,,,,,CHINA
1954,2,,4,,,,,,ITALY
1954,6,26,0,3,7,,,,USA
1954,9,9,4,0.33,1243,6,20000,,ALGERIA
1954,10,,2,18.28,,,,,GREENLAND
1954,11,18,4,,,,,,JAPAN
1955,1,18,2,,,,,,VENEZUELA
1955,4,19,3,,8,,459,8352,GREECE
1955,4,19,4,1,1,,,,CHILE
1955,5,17,2,,,,,,INDIA
1955,9,8,3,,,,,,PAPUA NEW GUINEA
1955,9,23,0,1,,,,,CHINA
1955,10,10,3,,,,,,PAPUA NEW GUINEA
1956,1,8,1,,,,,,CHILE
1956,3,2,0,0.9,,,,,NEW ZEALAND
1956,3,5,4,0.4,,,,,JAPAN
1956,3,30,2,0.3,,,,,RUSSIA
1956,7,9,4,30,56,,,,GREECE
1956,7,9,3,10,,,,,GREECE
1956,8,12,-1,,,,,,JAPAN
1956,11,2,2,1.2,,,,,GREECE
1956,12,18,1,,,,,,CHILE
1957,3,9,4,32,2,,,,USA
1957,6,22,3,1.8,,,,,INDONESIA
1957,7,28,4,1.3,65,25,,,MEXICO
1957,7,29,1,,,,,,CHILE
1957,9,26,3,0.7,,,,,INDONESIA
1957,10,26,2,,,,,,INDONESIA
1957,11,1,-1,0.1,,,,,USA
1957,11,,2,2.7,,,,,SOLOMON ISLANDS
1958,1,19,4,,115,,,,ECUADOR
1958,2,7,0,,,,,,CHINA
1958,4,9,-1,,,,,,PERU
1958,4,21,2,,,,,,INDONESIA
1958,7,10,4,524.6,5,0.1,,,USA
1958,9,17,2,0.23,,,,,RUSSIA
1958,10,7,1,,,,,,VANUATU
1958,11,4,1,0.1,,,,,PACIFIC OCEAN
1958,11,6,4,5,,,,,RUSSIA
1958,11,12,2,1,,,,,RUSSIA
1959,1,22,4,0.8,,,,,JAPAN
1959,2,7,1,0.4,,,,,PERU
1959,2,23,1,1,,,,,GREECE
1959,4,9,2,0.1,,,,,RUSSIA
1959,5,4,4,0.2,,,,,RUSSIA
1959,5,7,4,4,9,,,,NORWAY
1959,8,17,4,1,,,,,SOLOMON ISLANDS
1959,8,18,0,1,28,11,,,USA
1959,10,26,4,0.11,,,,,JAPAN
1960,1,13,1,5.7,,,,,PERU
1960,2,29,1,,13100,120,,,MOROCCO
1960,3,20,4,1,,,,,JAPAN
1960,3,23,4,0.75,,,,,JAPAN
1960,5,21,4,0.5,,,,,CHILE
1960,5,22,4,25,2226,1000,58622,,CHILE
1960,5,24,-1,,,,,,CHILE
1960,6,11,3,,,,,,PAPUA NEW GUINEA
1960,7,29,4,0.3,,,,,JAPAN
1960,11,1,1,,,,,,CHILE
1960,11,20,3,9,66,0.55,,,PERU
1961,1,16,4,0.4,,,,,JAPAN
1961,1,16,4,0.4,,,,,JAPAN
1961,1,16,4,0.4,,,,,JAPAN
1961,2,12,4,1,,,,,RUSSIA
1961,2,26,4,0.65,2,,170,,JAPAN
1961,3,18,2,3.6,,,,,SOLOMON ISLANDS
1961,5,23,2,,,,,,TURKEY
1961,6,6,1,0.9,,,,,ITALY
1961,6,16,0,,,,,,COLOMBIA
1961,7,18,4,0.2,,,,,JAPAN
1961,7,23,3,0.9,,,,,VANUATU
1961,8,1,2,0.9,,,,,SOLOMON ISLANDS
1961,8,11,4,0.1,,,,,JAPAN
1961,10,18,1,,,,,,CHILE
1961,10,18,1,,,,,,CHILE
1961,11,15,4,0.1,,,,,JAPAN
1962,1,11,3,0.04,,,,,CROATIA
1962,3,12,3,0.1,,,,,PANAMA
1962,4,12,4,1,,,,,JAPAN
1962,4,23,4,0.1,,,,,JAPAN
1962,5,11,4,0.81,4,,,,MEXICO
1962,5,19,3,0.34,3,,,,MEXICO
1962,5,21,2,0.1,,,,,JAPAN
1962,5,28,1,,,,,,GREECE
1962,12,21,1,,,,,,USA
1963,2,7,4,6,2,,,,GREECE
1963,2,13,4,0.2,15,,,,TAIWAN
1963,3,28,3,5.5,1,,,,CANADA
1963,3,30,2,,1028,,,,INDONESIA
1963,9,18,4,1,1,,7,163,TURKEY
1963,9,24,2,,1,,,,PERU
1963,10,9,0,235,2000,,,,ITALY
1963,10,12,4,0.12,,,,,RUSSIA
1963,10,13,4,4.5,,,,,RUSSIA
1963,10,20,4,15,,,,,RUSSIA
1963,12,16,2,,,,,,INDONESIA
1963,12,18,2,,,,,,TONGA
1964,3,20,2,0.08,,,,,USA
1964,3,28,4,51.8,139,400,,,USA
1964,4,2,3,,,,,,INDONESIA
1964,5,7,4,0.6,,,,,JAPAN
1964,5,7,3,,,,,,JAPAN
1964,5,19,3,0.28,,,,,USA
1964,6,16,4,5.8,26,80,2250,,JAPAN
1964,7,24,4,0.08,,,,,RUSSIA
1964,11,17,3,0.05,,,,,PAPUA NEW GUINEA
1964,12,10,4,0.1,,,,,JAPAN
1965,1,24,4,,71,,3000,,INDONESIA
1965,2,4,4,10.7,,0.01,,,USA
1965,2,19,0,60,27,,,,CHILE
1965,2,23,1,,,,,,CHILE
1965,3,9,3,,38,8,,,GREECE
1965,3,22,1,,,,,,CHILE
1965,3,30,4,0.1,,,,,USA
1965,4,19,-1,0.1,,,,,JAPAN
1965,6,11,4,0.1,,,,,RUSSIA
1965,7,2,4,0.08,,,,,USA
1965,7,6,1,,2,,,,GREECE
1965,8,11,4,7,,,,,VANUATU
1965,8,13,2,2,,,,,VANUATU
1965,8,23,4,0.4,6,,,,MEXICO
1965,9,28,4,4.7,355,,,,PHILIPPINES
1965,10,3,2,,,,,,CHILE
1965,10,24,1,,,,,,GRENADA
1966,3,12,3,0.1,7,,,,TAIWAN
1966,5,8,4,,,,,,NORWAY
1966,6,15,3,0.2,,,,,SOLOMON ISLANDS
1966,7,12,4,0.2,,,,,RUSSIA
1966,10,17,4,3,110,35,,,PERU
1966,11,28,1,,,,,,SOLOMON ISLANDS
1966,12,28,4,0.42,3,0.4,,,CHILE
1966,12,31,4,2,,,,,SOLOMON ISLANDS
1966,12,31,4,0.8,,,,,SOLOMON ISLANDS
1966,,,3,,,,,,SOLOMON ISLANDS
1967,3,19,1,,,,,,RUSSIA
1967,4,11,3,,71,,,,INDONESIA
1967,4,12,3,,14,,2000,,INDONESIA
1967,7,30,4,0.08,300,140,,,VENEZUELA
1967,8,13,4,0.1,,,,,PAPUA NEW GUINEA
1967,9,3,2,2,,,,,PERU
1967,10,,0,60,,,,,USA
1967,11,15,1,,,,,,CHILE
1967,12,4,1,1,,,,,ANTARCTICA
1967,12,4,0,,,,80,,USA TERRITORY
1967,12,21,3,,1,,,,CHILE
1968,1,29,4,0.18,,,,,RUSSIA
1968,2,19,4,1.2,20,0.6,500,1951,GREECE
1968,4,1,4,3.07,1,,,,JAPAN
1968,4,18,4,3,,,,,ITALY
1968,5,4,3,,,,,,CHILE
1968,5,16,4,6,52,131,1218,,JAPAN
1968,5,16,4,0.58,,,,,JAPAN
1968,6,12,4,0.95,,,,,JAPAN
1968,7,25,2,0.05,,,,,NEW ZEALAND
1968,8,1,4,0.16,270,8,,,PHILIPPINES
1968,8,5,1,0.03,,,,,JAPAN
1968,8,10,4,0.4,,,,,INDONESIA
1968,8,14,4,10,200,,800,,INDONESIA
1968,9,3,4,3,24,,2000,,TURKEY
1968,9,20,2,,3,,,,VENEZUELA
1968,9,25,1,2,15,,,,MEXICO
1969,2,23,4,4,664,,1287,,INDONESIA
1969,2,28,4,0.9,25,,,,PORTUGAL
1969,3,21,2,,3,,,,PHILIPPINES
1969,3,31,3,,2,,107,,EGYPT
1969,4,12,0,5,,,,,SWEDEN
1969,4,21,4,0.1,,,,,JAPAN
1969,7,17,4,0.06,,,,,ATLANTIC OCEAN
1969,7,18,4,0.1,10,,15190,24810,CHINA
1969,8,2,4,,,,,,PAPUA NEW GUINEA
1969,8,11,4,5,,,,,RUSSIA
1969,8,27,3,2.9,,,,,SOUTH AFRICA
1969,11,22,4,15,,,,,RUSSIA
1969,12,25,4,0.46,,,,,GUADELOUPE (FRENCH TERRITORY)
1970,1,10,4,0.06,,,,,PHILIPPINES
1970,3,11,4,0.03,,,,,USA
1970,4,7,3,,15,,,,PHILIPPINES
1970,5,14,3,,,,,,RUSSIA
1970,5,31,4,0.46,66794,530,,,PERU
1970,6,14,2,,,,,,CHILE
1970,6,19,2,,,,,,CHILE
1970,7,25,4,0.32,,,,,JAPAN
1970,9,28,2,1,,,,,NEW ZEALAND
1970,9,30,3,,,,,,PHILIPPINES
1970,10,31,4,3,18,1.75,800,,PAPUA NEW GUINEA
1970,11,28,2,,,,,,CHILE
1970,12,4,4,0.8,,,,,RUSSIA
1971,3,19,0,30,600,,,,PERU
1971,5,2,4,0.04,,,,,USA
1971,7,9,4,1.2,83,236.4,,,CHILE
1971,7,14,4,6,3,,,,PAPUA NEW GUINEA
1971,7,26,4,10,,,,,PAPUA NEW GUINEA
1971,8,2,4,0.51,,,,,JAPAN
1971,9,5,4,2,,,,,RUSSIA
1971,9,6,4,0.32,,,,,RUSSIA
1971,9,6,4,,,,,,SOLOMON ISLANDS
1971,9,8,4,0.09,,,,,RUSSIA
1971,9,8,4,0.07,,,,,RUSSIA
1971,9,25,2,1.8,,,,,PAPUA NEW GUINEA
1971,9,27,4,0.03,,,,,RUSSIA
1971,11,6,2,0.1,,,,,USA
1971,12,15,4,0.47,,,,,RUSSIA
1972,1,25,4,0.05,1,,5,,TAIWAN
1972,2,29,4,0.42,,,,,JAPAN
1972,6,8,2,,,,,,CHILE
1972,7,30,4,0.1,,,,,USA
1972,8,17,4,0.6,,,,,PAPUA NEW GUINEA
1972,8,26,3,1.5,,,,,PAPUA NEW GUINEA
1972,9,6,-1,,,,,,JAPAN
1972,10,9,2,,,,,,PAPUA NEW GUINEA
1972,12,2,2,0.5,,,,,PHILIPPINES
1972,12,4,4,0.5,,,,,JAPAN
1972,12,29,2,,,,,,CHILE
1973,1,30,4,1.13,56,,,,MEXICO
1973,2,28,4,1.5,,,,,RUSSIA
1973,3,17,4,1.3,15,0.45,,,PHILIPPINES
1973,6,17,4,5.96,,5,2,,JAPAN
1973,6,24,4,0.64,,,,,RUSSIA
1973,6,26,4,0.21,,,,,RUSSIA
1973,10,5,4,0.4,,,,,CHILE
1973,12,,1,,2,,,,INDONESIA
1974,1,31,4,1.5,,,,,SOLOMON ISLANDS
1974,2,1,4,4.5,,,,,SOLOMON ISLANDS
1974,5,8,4,0.2,30,,134,,JAPAN
1974,8,18,1,,,,,,CHILE
1974,9,27,4,0.37,,,,,RUSSIA
1974,10,3,4,0.92,78,10,,,PERU
1974,10,17,4,2.8,,,,,CANADA
1974,10,17,4,0.5,,,,,PAPUA NEW GUINEA
1974,12,28,0,,5300,3.255,,,PAKISTAN
1975,1,15,1,,,,81,,INDONESIA
1975,3,13,1,,2,,,,CHILE
1975,4,27,4,4.1,,,,,CANADA
1975,5,26,4,0.5,,,,,ATLANTIC OCEAN
1975,6,10,4,5.5,,,,,RUSSIA
1975,7,20,4,2,,,,,PAPUA NEW GUINEA
1975,10,31,4,3,1,,30,,PHILIPPINES
1975,11,29,4,14.3,2,4,,,USA
1975,12,16,3,0.25,,,,,FIJI
1975,12,26,4,0.38,,,,,SAMOA
1976,1,14,4,0.9,,,,,NEW ZEALAND
1976,1,21,4,0.38,,,,,RUSSIA
1976,2,4,4,0.12,23000,2147,,,GUATEMALA
1976,7,11,1,,5,,,,PANAMA
1976,8,16,4,9,8000,134,,,PHILIPPINES
1977,4,2,4,0.08,,,,,SAMOA
1977,4,20,4,0.15,34,,,,SOLOMON ISLANDS
1977,4,20,4,,,,,,SOLOMON ISLANDS
1977,4,21,4,0.04,18,,,,SOLOMON ISLANDS
1977,6,22,4,0.4,1,1.2,,,TONGA
1977,8,19,4,15,189,1.2,,,INDONESIA
1977,8,20,-1,0.5,,,,,PAPUA NEW GUINEA
1977,8,28,2,0.6,,,,,PAPUA NEW GUINEA
1977,10,10,2,0.03,,,,,TONGA
1978,1,14,4,0.35,25,,85,544,JAPAN
1978,3,22,4,0.07,,,,,RUSSIA
1978,3,22,4,0.05,,,,,RUSSIA
1978,3,23,4,0.17,,,,,RUSSIA
1978,3,23,4,0.3,,,,,RUSSIA
1978,3,24,4,0.65,,,,,RUSSIA
1978,6,12,4,0.6,28,865,,,JAPAN
1978,6,12,-1,,,,,,INDIA
1978,6,14,3,0.03,,,,,PHILIPPINES
1978,6,20,2,0.45,50,250,,,GREECE
1978,6,21,2,0.6,,,,,ITALY
1978,7,23,3,0.05,,,,,TAIWAN
1978,8,14,4,0.12,,,,,SPAIN
1978,10,10,4,,,,,,NEW ZEALAND
1978,11,29,2,1.5,9,,,,MEXICO
1978,,,1,3,,,,,VIETNAM
1979,2,20,4,0.12,,,,,JAPAN
1979,2,28,4,0.15,,,,,USA
1979,3,14,4,1.3,5,30,200,,MEXICO
1979,3,31,3,4.8,3,,,,JAPAN
1979,4,9,1,,,,,,MONTENEGRO
1979,4,15,4,0.6,131,2700,,,MONTENEGRO
1979,5,15,0,,,,,,GREECE
1979,7,18,4,9,1239,,,,INDONESIA
1979,8,9,-1,,,,,,INDONESIA
1979,9,3,2,,,,,,VENEZUELA
1979,9,12,4,2,115,,1000,,INDONESIA
1979,10,6,4,2,,,,,NORWAY
1979,10,16,4,10,9,,,,FRANCE
1979,11,16,2,,,,,,FIJI
1979,12,12,4,6,600,8,10000,,COLOMBIA
1980,1,1,4,0.41,69,5,15000,,PORTUGAL
1980,2,23,4,0.16,,,,,RUSSIA
1980,5,18,0,250,61,,,,USA
1980,5,22,3,,,,,,PORTUGAL
1980,6,29,4,0.56,,,,,JAPAN
1980,7,17,4,0.14,,,,,SOLOMON ISLANDS
1980,10,10,4,0.7,5000,5200,250000,,ALGERIA
1981,1,18,4,0.37,,,,,JAPAN
1981,2,24,4,0.3,22,812,8000,,GREECE
1981,3,4,3,1,,,,,GREECE
1981,5,11,2,0.29,,,,,SOUTH AFRICA
1981,5,25,4,0.3,,,,,NEW ZEALAND
1981,9,1,4,1,,,,,SAMOA
1981,10,20,3,2,,,,,INDONESIA
1981,10,25,4,0.09,3,,,,MEXICO
1982,1,11,2,0.1,,,,,PHILIPPINES
1982,2,24,2,,,,,,INDONESIA
1982,3,11,1,0.1,,,,,INDONESIA
1982,3,21,4,1.3,110,1,,,JAPAN
1982,7,23,4,0.4,,,,,JAPAN
1982,12,19,4,0.2,,,,,TONGA
1982,12,25,-1,,13,1.45,1875,,INDONESIA
1982,12,28,4,0.19,,,,,JAPAN
1983,1,17,3,,,,,,GREECE
1983,3,12,4,3,,,,,INDONESIA
1983,3,18,4,0.13,,,,,PAPUA NEW GUINEA
1983,5,26,4,14.93,104,800,3513,,JAPAN
1983,6,9,4,0.6,,,,,JAPAN
1983,6,21,4,1,,,,,JAPAN
1983,8,6,2,,,,,,GREECE
1983,8,17,4,0.1,,,,,RUSSIA
1983,8,17,4,0.1,16,,,,PHILIPPINES
1983,8,17,1,,,,,,INDONESIA
1983,8,18,4,7,,,,,NORWAY
1983,10,4,4,0.2,5,1,40,,CHILE
1983,11,30,4,1.5,,,,,UK TERRITORY
1984,1,8,1,,2,0.5,,685,INDONESIA
1984,2,11,4,,,,,,GREECE
1984,3,24,4,0.2,,,,,RUSSIA
1984,6,13,4,0.5,,,,,JAPAN
1984,8,6,4,0.2,,,,,JAPAN
1984,8,15,3,5,37,,,,CAMEROON
1984,9,18,4,0.13,,,,,JAPAN
1984,12,28,4,0.2,,,,,RUSSIA
1985,3,3,4,3.5,180,1500,,,CHILE
1985,3,16,4,0.12,,,,,GUADELOUPE (FRENCH TERRITORY)
1985,4,13,2,2,,,,,INDONESIA
1985,7,3,4,1.3,,1,,,PAPUA NEW GUINEA
1985,9,19,4,3,9500,4000,,,MEXICO
1985,9,21,4,1.2,,,,,MEXICO
1986,5,7,4,0.9,,,,,USA
1986,5,17,1,,,,,,USA
1986,8,21,4,75,1700,,,,CAMEROON
1986,10,20,4,0.22,,,,,NEW ZEALAND
1986,11,14,4,0.3,15,,,,TAIWAN
1987,2,6,4,0.1,,,,,JAPAN
1987,2,8,4,1.5,3,2.625,,,PAPUA NEW GUINEA
1987,2,21,4,3,,,,,NORWAY
1987,3,5,4,0.2,1,,,,CHILE
1987,3,18,4,0.04,2,,,,JAPAN
1987,3,24,4,0.16,,,,,JAPAN
1987,5,20,4,,,,,,NEW ZEALAND
1987,6,18,1,,,,,,SOLOMON ISLANDS
1987,7,6,3,0.1,,,,,VANUATU
1987,10,6,4,0.25,,,,,TONGA
1987,10,12,4,0.04,,,,,PAPUA NEW GUINEA
1987,10,16,4,0.07,,,,,PAPUA NEW GUINEA
1987,11,17,4,0.06,,,,,USA
1987,11,26,-1,0.1,,,,,INDONESIA
1987,11,30,4,0.43,,,,,USA
1988,2,5,4,0.1,,,,,CHILE
1988,3,6,4,0.19,,0.005,,,USA
1988,4,20,4,2,,,,,ITALY
1988,4,30,-1,,,,,,USA
1988,6,24,4,1.03,,,,,PHILIPPINES
1988,7,5,4,,,,,,PAPUA NEW GUINEA
1988,8,6,0,,5,,,,BANGLADESH
1988,8,10,4,0.09,1,,100,,SOLOMON ISLANDS
1988,8,20,0,,998,131.5,,,BANGLADESH
1989,5,23,4,0.15,,,,,AUSTRALIA
1989,6,26,4,0.29,,,,,USA
1989,9,4,4,0.1,,,,,USA
1989,10,18,4,1,62,5600,,,USA
1989,10,29,4,0.11,,,,,JAPAN
1989,10,29,2,,30,5,,,ALGERIA
1989,11,1,3,0.1,,,,,USA TERRITORY
1989,11,1,3,0.9,,,,,JAPAN
1990,2,8,4,2.1,,0.9,,600,PHILIPPINES
1990,2,20,4,0.16,,,,,JAPAN
1990,3,25,4,1,,,8,34,COSTA RICA
1990,4,5,4,1.8,,,,,USA TERRITORY
1990,5,,1,5,,,,,PHILIPPINES
1990,6,20,3,2,40000,7200,100000,,IRAN
1990,9,23,4,0.2,,,,,JAPAN
1990,12,13,4,0.1,19,500,,,ITALY
1990,12,13,4,0.04,,,,,TAIWAN
1991,1,4,1,,,,,,GREECE
1991,2,9,4,0.02,,,,,SOLOMON ISLANDS
1991,2,16,4,0.1,,,,,RUSSIA
1991,2,21,4,0.15,,,,,USA
1991,4,22,4,3,90,510,,,COSTA RICA
1991,5,7,1,0.5,,,,,GREECE
1991,10,14,4,0.15,,,,,SOLOMON ISLANDS
1991,12,22,1,0.52,,,,,RUSSIA
1992,1,5,4,0.8,,,,,CHINA
1992,4,25,4,1.8,,66,,,USA
1992,5,17,4,6,,,12,,PHILIPPINES
1992,5,27,4,,,,,,SOLOMON ISLANDS
1992,7,3,2,3,,,,,USA
1992,7,18,4,0.3,,,,,JAPAN
1992,8,11,1,,,,,,JAPAN
1992,9,2,4,9.9,170,30,1500,,NICARAGUA
1992,12,12,4,26.2,2500,100,31785,,INDONESIA
1993,2,7,4,0.5,,,,,JAPAN
1993,3,12,3,,5,,,,WALLIS AND FUTUNA (FRENCH TERRITORY)
1993,6,8,4,0.1,,,,,RUSSIA
1993,6,18,1,,,,,,NEW ZEALAND
1993,7,12,4,32,231,1207,2374,,JAPAN
1993,8,7,4,0.16,,,,,JAPAN
1993,8,8,4,2.4,,250,,,USA TERRITORY
1993,11,13,4,0.05,,,,,RUSSIA
1994,1,4,1,1.5,,,,,USA
1994,1,17,3,0.1,60,40000,40000,,USA
1994,1,21,4,2,9,,,550,INDONESIA
1994,2,15,-1,,,,,,INDONESIA
1994,4,8,4,0.11,,,,,JAPAN
1994,4,28,4,4,,,,,NORWAY
1994,5,24,1,0.02,,,,,TAIWAN
1994,6,2,4,13.9,238,2.2,1500,,INDONESIA
1994,6,3,4,3.7,,,,,INDONESIA
1994,6,4,2,,,,,,INDONESIA
1994,6,5,4,3,,,,,INDONESIA
1994,9,1,4,0.07,,,,,USA
1994,9,16,4,0.24,1,,,,TAIWAN
1994,9,19,4,3,4,86,,,PAPUA NEW GUINEA
1994,10,4,4,10.4,11,,,,RUSSIA
1994,10,8,4,3,1,,,500,INDONESIA
1994,10,9,4,0.2,,,,,RUSSIA
1994,11,4,4,9,1,25,,,USA
1994,11,14,4,7.3,81,3.7,797,3288,PHILIPPINES
1994,12,28,4,0.53,3,170.4,,,JAPAN
1994,,,3,0.5,,,,,RUSSIA
1995,1,16,4,0.34,5502,100000,200000,,JAPAN
1995,4,7,4,0.09,,,,,SAMOA
1995,4,21,4,0.2,,,,,PHILIPPINES
1995,4,21,4,0.2,,,,,PHILIPPINES
1995,5,13,-1,,,,,,GREECE
1995,5,14,4,4,11,,,,INDONESIA
1995,5,16,4,0.5,,,,,NEW CALEDONIA
1995,5,27,4,0.1,1989,300,,,RUSSIA
1995,6,15,4,1,26,660,,,GREECE
1995,7,30,4,3,3,1.791,115,,CHILE
1995,8,16,4,0.28,,,,,PAPUA NEW GUINEA
1995,9,14,3,0.4,3,,,,MEXICO
1995,10,9,4,11,50,,,,MEXICO
1995,10,18,4,2.59,,,,,JAPAN
1995,10,19,4,1.5,,,,,JAPAN
1995,11,1,4,0.1,,,,,CHILE
1995,11,22,4,4,11,,,,EGYPT
1995,12,3,4,1.1,,,,,RUSSIA
1996,1,1,4,3.43,9,1.2,400,,INDONESIA
1996,1,1,4,2,,,,,GREECE
1996,1,2,4,30,,,,,RUSSIA
1996,2,17,4,7.7,164,4.2,5043,,INDONESIA
1996,2,21,4,5.04,12,,15,22,PERU
1996,2,25,4,0.1,,,,,MEXICO
1996,4,24,0,0.5,,,,,SWITZERLAND
1996,6,10,4,0.51,,,,,USA
1996,6,10,4,0.18,,,,,USA
1996,9,4,4,0.3,,,,,JAPAN
1996,9,5,4,0.09,,,,,CHILE
1996,9,5,4,0.11,,,,,TAIWAN
1996,10,18,4,0.2,,,,,JAPAN
1996,10,19,4,0.55,,,,,JAPAN
1996,11,12,4,0.4,14,,,4000,PERU
1996,12,2,4,0.2,,,,,JAPAN
1997,3,12,3,2,,,,,NEW CALEDONIA
1997,4,10,1,15,,0.3,,,HONDURAS
1997,4,18,1,,,,,,AUSTRALIA
1997,4,21,4,3,,,7,,SOLOMON ISLANDS
1997,7,9,3,,81,81,,,VENEZUELA
1997,9,30,4,0.03,,,,,JAPAN
1997,10,14,4,0.1,,,,,TONGA
1997,12,5,4,8,,,,,RUSSIA
1997,12,14,3,8,,,,,RUSSIA
1997,12,26,4,3,,,,,MONTSERRAT
1998,3,19,4,6,,,,,NORWAY
1998,3,25,3,0.01,,,,,ANTARCTICA
1998,5,3,4,0.13,,,,,TAIWAN
1998,5,30,4,0.01,,,,,JAPAN
1998,7,17,4,15.03,1636,,,,PAPUA NEW GUINEA
1998,11,29,2,2.75,41,200,1000,,INDONESIA
1999,1,20,4,2,,,,,MONTSERRAT
1999,8,17,4,2.52,17118,20000,,50000,TURKEY
1999,9,13,4,8,,,,,FRENCH POLYNESIA
1999,11,26,4,6.6,10,,,,VANUATU
2000,1,26,-1,20,,,300,,PHILIPPINES
2000,4,5,4,0.5,,,,,GREECE
2000,5,4,4,6,46,30,10000,,INDONESIA
2000,6,18,4,0.3,,,,,AUSTRALIA
2000,7,1,4,0.07,1,,,,JAPAN
2000,7,15,4,0.07,,,,20,JAPAN
2000,7,30,4,0.14,,,,,JAPAN
2000,11,4,1,4.6,,,,,USA
2000,11,16,4,3,2,,,,PAPUA NEW GUINEA
2000,11,21,4,50,,,,,GREENLAND
2000,,,3,,,,,,RUSSIA
2001,1,13,3,0.25,844,753,108226,169632,EL SALVADOR
2001,6,23,4,8.8,103,200,25399,,PERU
2001,10,12,4,0.11,,,,,CANADA
2001,12,18,4,0.16,,,,,TAIWAN
2002,1,2,4,3,,,,,VANUATU
2002,3,5,4,3,15,1.714,,800,PHILIPPINES
2002,3,24,3,4,,,,,GREECE
2002,3,26,3,0.05,,,,,JAPAN
2002,3,31,4,0.2,5,,100,,TAIWAN
2002,9,8,4,5.5,4,,,873,PAPUA NEW GUINEA
2002,9,13,4,,2,,40,,INDIA
2002,10,10,1,5,8,,1000,900,INDONESIA
2002,11,4,0,,,,,,NEW ZEALAND
2002,12,30,4,10.9,,,,,ITALY
2003,1,20,4,2,,,,,SOLOMON ISLANDS
2003,1,22,4,0.61,29,,2005,6615,MEXICO
2003,5,21,4,3,2287,5000,19000,163000,ALGERIA
2003,5,27,4,0.08,9,,,,ALGERIA
2003,7,12,4,4,,,,,MONTSERRAT
2003,8,4,4,,,,,,ANTARCTICA
2003,8,14,3,0.5,,,,,GREECE
2003,8,21,4,0.15,,,,,NEW ZEALAND
2003,9,25,4,4.4,2,90,,,JAPAN
2003,10,31,4,0.32,,,,,JAPAN
2003,11,17,4,0.33,,,,,USA
2003,12,27,4,0.15,,,,,NEW CALEDONIA
2004,1,28,4,,,,,,INDONESIA
2004,2,11,4,1,,,,,JORDAN
2004,9,5,4,0.63,,,,,JAPAN
2004,9,5,4,0.93,,,,,JAPAN
2004,11,2,4,0.06,,,,,CANADA
2004,11,11,4,2,34,,781,16712,INDONESIA
2004,11,21,4,2,1,,,,GUADELOUPE (FRENCH TERRITORY)
2004,11,22,4,,,,,,NEW ZEALAND
2004,11,28,4,0.12,,,,,JAPAN
2004,12,23,4,0.3,,,,,AUSTRALIA
2004,12,26,4,50.9,227899,10000,,,INDONESIA
2005,1,19,4,0.39,,,,,JAPAN
2005,2,14,3,,,,,,GUADELOUPE (FRENCH TERRITORY)
2005,3,28,4,4.2,1313,,300,,INDONESIA
2005,4,10,4,0.4,,,,,INDONESIA
2005,6,15,4,0.1,,,,,USA
2005,8,16,4,0.05,,,1,,JAPAN
2005,11,14,4,0.42,,,,,JAPAN
2005,12,9,4,0.08,,,,,CANADA
2006,1,1,3,,,,,,JAPAN
2006,1,16,0,9,,,,,USA
2006,3,14,4,3.5,4,1,241,,INDONESIA
2006,5,3,4,0.27,,,,,TONGA
2006,5,20,4,1,,,,,MONTSERRAT
2006,6,15,4,6,,33,,,SPAIN
2006,7,17,4,20.9,802,55,1623,,INDONESIA
2006,8,27,2,,1,,,,SOUTH KOREA
2006,9,28,4,0.08,,,,,SAMOA
2006,10,15,4,0.1,,,,,USA
2006,11,13,4,0.15,,,,,TAIWAN
2006,11,15,4,21.9,,,,,RUSSIA
2006,12,26,4,0.07,2,,,,TAIWAN
2007,1,13,4,0.4,,,,,RUSSIA
2007,3,25,4,0.08,,,,,VANUATU
2007,3,25,4,0.1,1,,513,,JAPAN
2007,3,31,3,1.65,4,2,,,SOUTH KOREA
2007,4,1,4,12.1,52,,2500,500,SOLOMON ISLANDS
2007,4,21,4,50,10,,,2,CHILE
2007,5,7,2,3,,,,,BULGARIA
2007,5,19,3,10,,,,,PAPUA NEW GUINEA
2007,6,15,0,50,8,,15,,CHINA
2007,7,16,4,,9,,875,,JAPAN
2007,8,2,4,3.2,2,,11,20,RUSSIA
2007,8,2,4,0.03,,,,,USA
2007,8,15,4,10.05,514,,52154,23632,PERU
2007,9,2,4,0.05,,,,,SOLOMON ISLANDS
2007,9,12,4,5,25,,56425,,INDONESIA
2007,9,30,4,0.35,,,,,NEW ZEALAND
2007,11,14,4,0.28,2,,,,CHILE
2007,11,29,1,,,,,,MARTINIQUE (FRENCH TERRITORY)
2007,12,4,4,38,,,,,CANADA
2007,12,9,4,0.03,,,,,KERMADEC ISLANDS
2008,2,25,4,0.12,,,,,INDONESIA
2008,4,9,4,0.16,,,,,NEW CALEDONIA
2008,4,28,1,0.03,,,,,VANUATU
2008,5,4,3,1.3,9,,,,SOUTH KOREA
2008,5,12,0,,87652,86000,5360000,,CHINA
2008,7,19,4,0.2,,,,,JAPAN
2008,8,8,4,0.19,,,,,USA
2008,8,20,3,2.55,,,,,SOUTH AFRICA
2008,9,11,4,0.09,6,,,1000,JAPAN
2008,10,28,3,3.6,,0.02,,,USA
2008,11,16,4,0.13,6,,,1000,INDONESIA
2008,11,23,0,13.1,,0.746,,,CHINA
2009,1,3,4,0.39,5,,,840,INDONESIA
2009,1,3,3,,,,,,INDONESIA
2009,1,15,4,0.11,,,,,RUSSIA
2009,2,11,4,0.13,,,,597,INDONESIA
2009,3,19,4,0.15,,,,,TONGA
2009,5,28,4,4,7,,135,25,HONDURAS
2009,7,1,4,0.3,,,,,GREECE
2009,7,15,4,0.47,,,,,NEW ZEALAND
2009,8,10,3,0.01,,,,,INDIA
2009,8,10,4,0.6,1,,5192,,JAPAN
2009,8,16,4,0.18,,,,,INDONESIA
2009,8,25,0,,,,,,USA
2009,9,2,4,0.4,81,,,54000,INDONESIA
2009,9,29,4,22.35,192,285,,,SAMOA
2009,9,30,4,0.27,1117,2200,,181665,INDONESIA
2009,10,7,4,0.29,,,,,VANUATU
2010,1,2,2,,1,,,,SOUTH KOREA
2010,1,3,4,0.01,,,,,SOLOMON ISLANDS
2010,1,3,4,7.52,,,16,60,SOLOMON ISLANDS
2010,1,5,4,0.03,,,,,SOLOMON ISLANDS
2010,1,12,4,3.21,316000,8000,97294,188383,HAITI
2010,2,26,3,0.1,,,,,JAPAN
2010,2,27,4,29,558,30000,,500000,CHILE
2010,3,11,4,0.14,,,,,CHILE
2010,4,6,4,0.44,,,,,INDONESIA
2010,4,13,0,23,1,,50,,PERU
2010,4,13,2,,,,,,COOK ISLANDS
2010,5,29,4,0.04,,,,,USA TERRITORY
2010,6,12,4,0.03,,,,,INDIA
2010,8,10,4,0.23,,,,,VANUATU
2010,8,13,4,0.07,,,,,USA TERRITORY
2010,10,25,4,16.9,431,39,700,,INDONESIA
2010,12,21,4,0.13,,,,,JAPAN
2010,12,25,4,4.1,,,,,VANUATU
2011,1,9,4,0.03,,,,,VANUATU
2011,2,11,4,0.15,,,,,CHILE
2011,2,21,2,3.5,185,15000,100000,,NEW ZEALAND
2011,3,9,4,0.6,,,,,JAPAN
2011,3,11,4,39.26,18429,220136.6,123661,280920,JAPAN
2011,4,7,4,0.08,3,,,,JAPAN
2011,5,10,4,0.03,,,,,NEW CALEDONIA
2011,6,24,4,0.1,,,,,USA
2011,6,27,2,0.4,,,,,UK
2011,7,6,4,1.2,,,,,NEW ZEALAND
2011,7,10,4,0.09,,,,,JAPAN
2011,7,30,3,1.5,,,,,NORWAY
2011,8,6,3,,,,,,NORWAY
2011,8,20,4,0.19,,,,,VANUATU
2011,8,20,4,0.15,,,,,VANUATU
2011,9,2,4,0.06,,,,,USA
2011,10,21,4,0.14,,,,,NEW ZEALAND
2012,2,2,4,0.08,,,,,VANUATU
2012,3,9,4,0.05,,,,,VANUATU
2012,3,14,4,0.2,,,,,JAPAN
2012,3,20,4,0.2,2,600,800,,MEXICO
2012,4,11,4,1.08,10,,,,INDONESIA
2012,4,11,4,,,,,,INDONESIA
2012,4,14,4,,,,,,VANUATU
2012,7,15,4,,,,,,GREENLAND
2012,8,27,4,6.3,,,,,EL SALVADOR
2012,8,31,4,0.15,1,0.3,,,PHILIPPINES
2012,9,5,4,0.16,2,,,,COSTA RICA
2012,10,28,4,12.98,1,,,,CANADA
2012,11,7,4,0.35,48,210,2769,7561,GUATEMALA
2012,12,7,4,1,,,,,JAPAN
2012,12,28,0,,,,,,CHINA
2013,1,5,4,1.5,,,,,USA
2013,2,6,4,11,10,36,588,478,SOLOMON ISLANDS
2013,2,8,4,0.09,,,,,SOLOMON ISLANDS
2013,4,19,2,0.2,,,,,RUSSIA
2013,4,22,3,0.13,,,,,MEXICO
2013,6,13,4,1.8,,,,,USA
2013,6,15,3,0.01,,,,,GREECE
2013,7,21,4,0.07,,,,35,NEW ZEALAND
2013,8,16,4,0.08,,,,,NEW ZEALAND
2013,9,24,4,0.57,825,,32638,14118,PAKISTAN
2013,10,12,4,0.01,,,,,GREECE
2013,10,25,4,0.4,,,,,JAPAN
2013,11,17,4,0.15,,,,,ANTARCTICA
2014,3,16,4,0.26,,,,,CHILE
2014,4,1,4,4.63,7,100,,2600,CHILE
2014,4,3,4,0.74,,,,,CHILE
2014,4,12,4,0.05,,,,,SOLOMON ISLANDS
2014,4,13,4,0.16,,,,,SOLOMON ISLANDS
2014,4,18,4,0.43,,,,127,MEXICO
2014,4,19,4,0.11,,,,,PAPUA NEW GUINEA
2014,5,24,4,0.16,3,4500,,,GREECE
2014,6,23,4,0.13,,,,,NEW ZEALAND
2014,6,23,4,0.17,,,,,USA
2014,6,23,4,2.5,,,,,SPAIN
2014,6,27,4,2,,,,,UKRAINE
2014,7,11,4,0.2,,,,,JAPAN
2014,7,21,0,60,,,,,ICELAND
2014,7,25,4,0.08,,,,,USA
2014,10,9,4,0.47,,,,,CHILE
2014,10,14,4,0.02,1,,5,41,EL SALVADOR
2014,11,15,3,0.09,,,,,INDONESIA
2015,2,16,4,0.27,,,,,JAPAN
2015,2,19,4,8,,,,,VANUATU
2015,3,29,4,0.5,,,,,PAPUA NEW GUINEA
2015,5,2,3,0.6,,,,,JAPAN
2015,5,5,3,1,,,,,PAPUA NEW GUINEA
2015,5,10,4,,,,,,NORWAY
2015,6,24,0,6.2,2,,,,CHINA
2015,7,1,3,0.18,,,,,SCOTLAND
2015,7,10,4,0.01,,,,,SOLOMON ISLANDS
2015,7,18,4,0.09,,,,,SOLOMON ISLANDS
2015,7,27,4,0.08,,,,,USA
2015,9,16,4,13.6,15,600,2305,10044,CHILE
2015,10,18,4,193,,,,,USA
2015,11,11,4,0.55,,,,,CHILE
2015,11,13,4,0.3,,,,,JAPAN
2015,11,17,4,0.15,2,,1,,GREECE
2015,11,18,4,0.1,,,,,SOLOMON ISLANDS
2016,1,25,4,0.02,1,,,,MOROCCO
2016,3,2,4,0.21,,,,,INDONESIA
2016,4,16,4,0.5,663,3300,6998,29672,ECUADOR
2016,4,28,3,0.02,,,,,VANUATU
2016,8,12,4,0.19,,,,,NEW CALEDONIA
2016,8,19,3,0.1,,,,,UK TERRITORY
2016,8,20,4,0.01,,,,,JAPAN
2016,9,1,4,0.21,,,,,NEW ZEALAND
2016,11,13,4,6.9,2,3900,1,,NEW ZEALAND
2016,11,21,4,1.44,,,,,JAPAN
2016,11,24,4,0.08,,,,,NICARAGUA
2016,12,8,4,0.43,1,,191,126,SOLOMON ISLANDS
2016,12,9,4,0.05,,,,,SOLOMON ISLANDS
2016,12,17,4,0.08,,,,,PAPUA NEW GUINEA
2016,12,25,4,0.44,,,,,CHILE
2017,1,3,4,0.01,,,,,FIJI
2017,1,22,4,0.04,3,,,,PAPUA NEW GUINEA
2017,3,19,4,3,5,10,85,,IRAN
2017,4,24,4,0.16,,,,,CHILE
2017,4,28,4,0.2,,,1,,PHILIPPINES
2017,5,1,4,0.06,,,,,USA
2017,5,29,3,2,,,,,NETHERLANDS
2017,6,12,4,0.4,1,,10,250,GREECE
2017,6,17,4,90,4,,11,,GREENLAND
2017,7,17,4,0.1,,,,,RUSSIA
2017,7,19,4,8,,,1,,COLOMBIA
2017,7,20,4,1.9,2,,,,TURKEY
2017,9,8,4,2.7,98,4000,47468,94027,MEXICO
2017,10,31,4,0.15,,,,,NEW CALEDONIA
2017,11,1,4,0.1,,,,,NEW CALEDONIA
2017,11,5,0,8.5,1,,3,3,VIETNAM
2017,11,19,4,0.05,,,,,NEW CALEDONIA
2017,11,19,4,0.08,,,,,NEW CALEDONIA
2017,11,19,4,0.37,,,,,NEW CALEDONIA
2017,12,8,3,0.5,,,,,KERMADEC ISLANDS
2018,1,10,4,0.4,,,,7,HONDURAS
2018,1,14,4,0.15,,,,,PERU
2018,1,23,4,0.25,,,,,USA
2018,2,9,4,1,,,,,PAPUA NEW GUINEA
2018,5,4,4,0.4,,370,716,,USA
2018,5,6,4,0.15,,,,,JAPAN
2018,5,15,4,0.22,,,,,USA
2018,7,16,3,0.75,1,,,,SPAIN
2018,7,28,3,2.5,17,,5448,,INDONESIA
2018,8,5,4,2,560,509,,83392,INDONESIA
2018,8,19,4,,,,,,FIJI
2018,8,19,3,,2,,,1705,INDONESIA
2018,8,21,2,,5,,,,VENEZUELA
2018,8,29,4,0.27,,,,,NEW CALEDONIA
2018,9,28,4,10.73,4340,1500,3673,39191,INDONESIA
2018,10,16,4,0.05,,,,,NEW CALEDONIA
2018,10,25,4,0.5,,,,120,GREECE
2018,12,5,4,2,,,,,NEW CALEDONIA
2018,12,11,0,90,,,,,RUSSIA
2018,12,22,4,85,437,250,,2844,INDONESIA
2019,3,20,3,2.9,,,,,JAPAN
2019,4,14,4,1.75,,,,,USA
2019,5,14,2,,,,,,PAPUA NEW GUINEA
2019,6,14,4,0.07,,,,,CHILE
2019,6,15,4,0.14,,,,,NEW ZEALAND
2019,6,18,4,0.1,,,,144,JAPAN
2019,8,28,3,0.3,,,,,ITALY
2019,11,14,4,0.11,1,,,36,INDONESIA
2020,1,7,4,0.06,4,800,300,1390,USA TERRITORY
2020,1,28,4,0.11,,,1,,CUBA
2020,3,25,4,0.5,,,,,RUSSIA
2020,4,23,4,0.5,,,,,USA
2020,5,2,4,0.35,,,,,GREECE
2020,5,29,0,3,1,,,,INDONESIA
2020,6,13,4,0.5,,,,,USA
2020,6,18,4,0.11,,,,,NEW ZEALAND
2020,6,23,4,1.57,10,,,8123,MEXICO
2020,7,22,4,0.24,,,,,USA
2020,10,19,4,0.76,,,,,USA
2020,10,30,4,3.8,118,400,,,TURKEY
2020,11,14,4,0.5,,,,,SPAIN
2020,12,27,4,0.16,,,,,CHILE
2021,1,23,4,0.04,,,,,ANTARCTICA
2021,2,10,4,0.78,,,,,NEW CALEDONIA
2021,3,4,4,0.28,,,,,NEW ZEALAND
2021,3,4,4,0.31,,,,,NEW ZEALAND
2021,3,4,4,1,,,,,NEW ZEALAND
2021,3,18,4,0.06,,,,,ALGERIA
2021,6,16,3,0.5,,,,,INDONESIA
2021,7,29,4,0.5,,,,,USA
2021,8,11,4,0.05,1,,,,PHILIPPINES
2021,8,12,4,0.64,,,,,UK TERRITORY
2021,8,14,4,,2248,,53815,83770,HAITI
2021,9,8,4,0.48,3,,,7317,MEXICO
2021,10,12,2,,,,,,GREECE
